model,model_id,form_id,answer_run_id,experiment_id,trial_id,usable,full_fill_success,stop_reason,verified_correctness,question_total,correctness_pct,action_count,duration_s,total_tokens,estimated_usd_lower_bound,failure_category,failure_detail,source_summary
Gemini 3.5 Flash,computer_use_gemini_35_flash_lowcost,accessibility_feedback,run_0002,gemini_35_flash_fill_only_done_50_completion_20260713_r2_step32,trial_20260713T213010034413Z,true,false,done_incomplete_fill_only,7,8,87.5,32,1401.714,52164,0.078246,done_incomplete_fill_only,remaining_answers=1,data/model_baselines/gemini_35_flash_fill_only_done_50_completion_20260713_r2_step32/computer_use_gemini_35_flash_lowcost/accessibility_feedback/run_0002/trial_20260713T213010034413Z/summary.json
Gemini 3.5 Flash,computer_use_gemini_35_flash_lowcost,alumni_checkin,run_0002,gemini_35_flash_fill_only_done_50_completion_20260713_r2_step32,trial_20260714T050343266100Z,true,true,filled_without_submit,7,7,100.0,13,423.002,20309,0.030464,,,data/model_baselines/gemini_35_flash_fill_only_done_50_completion_20260713_r2_step32/computer_use_gemini_35_flash_lowcost/alumni_checkin/run_0002/trial_20260714T050343266100Z/summary.json
Gemini 3.5 Flash,computer_use_gemini_35_flash_lowcost,bug_report,run_0002,gemini_35_flash_fill_only_done_50_completion_20260713_r2_step32,trial_20260714T051046513802Z,true,false,done_incomplete_fill_only,8,9,88.89,27,916.72,44902,0.067353,done_incomplete_fill_only,remaining_answers=1,data/model_baselines/gemini_35_flash_fill_only_done_50_completion_20260713_r2_step32/computer_use_gemini_35_flash_lowcost/bug_report/run_0002/trial_20260714T051046513802Z/summary.json
Gemini 3.5 Flash,computer_use_gemini_35_flash_lowcost,club_application,run_0002,gemini_35_flash_fill_only_done_50_completion_20260713_r2_step32,trial_20260713T215333168702Z,true,false,max_steps_exceeded,4,10,40.0,32,1452.456,54265,0.081397,max_steps_exceeded,max_steps=32,data/model_baselines/gemini_35_flash_fill_only_done_50_completion_20260713_r2_step32/computer_use_gemini_35_flash_lowcost/club_application/run_0002/trial_20260713T215333168702Z/summary.json
Gemini 3.5 Flash,computer_use_gemini_35_flash_lowcost,club_event_planning,run_0002,gemini_35_flash_fill_only_done_50_completion_20260713_r2_step32,trial_20260713T221745920583Z,true,false,max_steps_exceeded,4,10,40.0,32,1484.153,56827,0.08524,max_steps_exceeded,max_steps=32,data/model_baselines/gemini_35_flash_fill_only_done_50_completion_20260713_r2_step32/computer_use_gemini_35_flash_lowcost/club_event_planning/run_0002/trial_20260713T221745920583Z/summary.json
Gemini 3.5 Flash,computer_use_gemini_35_flash_lowcost,conf_interest,run_0002,gemini_35_flash_fill_only_done_50_completion_20260713_r2_step32,trial_20260713T224230303936Z,true,true,filled_without_submit,7,7,100.0,25,1288.053,40282,0.060423,,,data/model_baselines/gemini_35_flash_fill_only_done_50_completion_20260713_r2_step32/computer_use_gemini_35_flash_lowcost/conf_interest/run_0002/trial_20260713T224230303936Z/summary.json
Gemini 3.5 Flash,computer_use_gemini_35_flash_lowcost,conference_travel,run_0002,gemini_35_flash_fill_only_done_50_completion_20260713_r2_step32,trial_20260714T052603527532Z,true,false,max_steps_exceeded,7,10,70.0,32,1146.533,54941,0.082411,max_steps_exceeded,max_steps=32,data/model_baselines/gemini_35_flash_fill_only_done_50_completion_20260713_r2_step32/computer_use_gemini_35_flash_lowcost/conference_travel/run_0002/trial_20260714T052603527532Z/summary.json
Gemini 3.5 Flash,computer_use_gemini_35_flash_lowcost,course_enrollment,run_0002,gemini_35_flash_fill_only_done_30_seed20260709_r2_step32,trial_20260710T003748558768Z,true,false,max_steps_exceeded,6,8,75.0,32,566.916,49656,0.074484,max_steps_exceeded,max_steps=32,data/model_baselines/gemini_35_flash_fill_only_done_30_seed20260709_r2_step32/computer_use_gemini_35_flash_lowcost/course_enrollment/run_0002/trial_20260710T003748558768Z/summary.json
Gemini 3.5 Flash,computer_use_gemini_35_flash_lowcost,course_feedback,run_0002,gemini_35_flash_fill_only_done_30_seed20260709_r2_step32,trial_20260710T004715711545Z,true,false,max_steps_exceeded,5,9,55.56,32,585.324,52230,0.078345,max_steps_exceeded,max_steps=32,data/model_baselines/gemini_35_flash_fill_only_done_30_seed20260709_r2_step32/computer_use_gemini_35_flash_lowcost/course_feedback/run_0002/trial_20260710T004715711545Z/summary.json
Gemini 3.5 Flash,computer_use_gemini_35_flash_lowcost,data_annotation,run_0002,gemini_35_flash_fill_only_done_30_seed20260709_r2_step32,trial_20260710T005701290230Z,true,false,max_steps_exceeded,5,9,55.56,32,644.151,54843,0.082265,max_steps_exceeded,max_steps=32,data/model_baselines/gemini_35_flash_fill_only_done_30_seed20260709_r2_step32/computer_use_gemini_35_flash_lowcost/data_annotation/run_0002/trial_20260710T005701290230Z/summary.json
Gemini 3.5 Flash,computer_use_gemini_35_flash_lowcost,dataset_request,run_0002,gemini_35_flash_fill_only_done_30_seed20260709_r2_step32,trial_20260710T010745674688Z,true,false,max_steps_exceeded,5,9,55.56,32,745.616,53001,0.079502,max_steps_exceeded,max_steps=32,data/model_baselines/gemini_35_flash_fill_only_done_30_seed20260709_r2_step32/computer_use_gemini_35_flash_lowcost/dataset_request/run_0002/trial_20260710T010745674688Z/summary.json
Gemini 3.5 Flash,computer_use_gemini_35_flash_lowcost,equipment_checkout,run_0002,gemini_35_flash_fill_only_done_50_completion_20260713_r2_step32,trial_20260713T230358799950Z,true,false,max_steps_exceeded,5,9,55.56,32,1335.851,54227,0.08134,max_steps_exceeded,max_steps=32,data/model_baselines/gemini_35_flash_fill_only_done_50_completion_20260713_r2_step32/computer_use_gemini_35_flash_lowcost/equipment_checkout/run_0002/trial_20260713T230358799950Z/summary.json
Gemini 3.5 Flash,computer_use_gemini_35_flash_lowcost,event_rsvp,run_0002,gemini_35_flash_fill_only_done_30_seed20260709_r2_step32,trial_20260710T012011532649Z,true,true,filled_without_submit,6,6,100.0,17,281.301,25885,0.038828,,,data/model_baselines/gemini_35_flash_fill_only_done_30_seed20260709_r2_step32/computer_use_gemini_35_flash_lowcost/event_rsvp/run_0002/trial_20260710T012011532649Z/summary.json
Gemini 3.5 Flash,computer_use_gemini_35_flash_lowcost,exam_registration,run_0002,gemini_35_flash_fill_only_done_30_seed20260709_r2_step32,trial_20260710T012453107173Z,true,false,done_incomplete_fill_only,7,8,87.5,21,491.449,33314,0.049971,done_incomplete_fill_only,remaining_answers=1,data/model_baselines/gemini_35_flash_fill_only_done_30_seed20260709_r2_step32/computer_use_gemini_35_flash_lowcost/exam_registration/run_0002/trial_20260710T012453107173Z/summary.json
Gemini 3.5 Flash,computer_use_gemini_35_flash_lowcost,experiment_booking,run_0002,gemini_35_flash_fill_only_done_50_completion_20260713_r2_step32,trial_20260713T232614942021Z,true,false,max_steps_exceeded,5,9,55.56,32,1424.3,51810,0.077715,max_steps_exceeded,max_steps=32,data/model_baselines/gemini_35_flash_fill_only_done_50_completion_20260713_r2_step32/computer_use_gemini_35_flash_lowcost/experiment_booking/run_0002/trial_20260713T232614942021Z/summary.json
Gemini 3.5 Flash,computer_use_gemini_35_flash_lowcost,field_trip,run_0002,gemini_35_flash_fill_only_done_50_completion_20260713_r2_step32,trial_20260713T234959593607Z,true,false,max_steps_exceeded,6,8,75.0,32,1480.265,50443,0.075664,max_steps_exceeded,max_steps=32,data/model_baselines/gemini_35_flash_fill_only_done_50_completion_20260713_r2_step32/computer_use_gemini_35_flash_lowcost/field_trip/run_0002/trial_20260713T234959593607Z/summary.json
Gemini 3.5 Flash,computer_use_gemini_35_flash_lowcost,hackathon_signup,run_0002,gemini_35_flash_fill_only_done_50_completion_20260713_r2_step32,trial_20260714T054510346304Z,true,false,max_steps_exceeded,8,9,88.89,32,1082.229,48480,0.07272,max_steps_exceeded,max_steps=32,data/model_baselines/gemini_35_flash_fill_only_done_50_completion_20260713_r2_step32/computer_use_gemini_35_flash_lowcost/hackathon_signup/run_0002/trial_20260714T054510346304Z/summary.json
Gemini 3.5 Flash,computer_use_gemini_35_flash_lowcost,housing_preference,run_0002,gemini_35_flash_fill_only_done_30_seed20260709_r2_step32,trial_20260710T013717343038Z,true,true,filled_without_submit,7,7,100.0,14,251.604,21906,0.032859,,,data/model_baselines/gemini_35_flash_fill_only_done_30_seed20260709_r2_step32/computer_use_gemini_35_flash_lowcost/housing_preference/run_0002/trial_20260710T013717343038Z/summary.json
Gemini 3.5 Flash,computer_use_gemini_35_flash_lowcost,internship_app,run_0002,gemini_35_flash_fill_only_done_50_completion_20260713_r2_step32,trial_20260714T001440543999Z,true,false,max_steps_exceeded,6,12,50.0,32,1555.386,55755,0.083632,max_steps_exceeded,max_steps=32,data/model_baselines/gemini_35_flash_fill_only_done_50_completion_20260713_r2_step32/computer_use_gemini_35_flash_lowcost/internship_app/run_0002/trial_20260714T001440543999Z/summary.json
Gemini 3.5 Flash,computer_use_gemini_35_flash_lowcost,job_fair,run_0002,gemini_35_flash_fill_only_done_30_seed20260709_r2_step32,trial_20260710T014129178053Z,true,false,max_steps_exceeded,6,9,66.67,32,607.242,51384,0.077076,max_steps_exceeded,max_steps=32,data/model_baselines/gemini_35_flash_fill_only_done_30_seed20260709_r2_step32/computer_use_gemini_35_flash_lowcost/job_fair/run_0002/trial_20260710T014129178053Z/summary.json
Gemini 3.5 Flash,computer_use_gemini_35_flash_lowcost,lab_safety,run_0002,gemini_35_flash_fill_only_done_50_completion_20260713_r2_step32,trial_20260714T004036234866Z,true,false,max_steps_exceeded,5,8,62.5,32,1606.728,50644,0.075966,max_steps_exceeded,max_steps=32,data/model_baselines/gemini_35_flash_fill_only_done_50_completion_20260713_r2_step32/computer_use_gemini_35_flash_lowcost/lab_safety/run_0002/trial_20260714T004036234866Z/summary.json
Gemini 3.5 Flash,computer_use_gemini_35_flash_lowcost,lab_visit,run_0002,gemini_35_flash_fill_only_done_50_completion_20260713_r2_step32,trial_20260714T010723201160Z,true,true,filled_without_submit,8,8,100.0,24,1313.688,38008,0.057012,,,data/model_baselines/gemini_35_flash_fill_only_done_50_completion_20260713_r2_step32/computer_use_gemini_35_flash_lowcost/lab_visit/run_0002/trial_20260714T010723201160Z/summary.json
Gemini 3.5 Flash,computer_use_gemini_35_flash_lowcost,language_exchange,run_0002,gemini_35_flash_fill_only_done_30_seed20260709_r2_step32,trial_20260710T015136725520Z,true,true,filled_without_submit,9,9,100.0,29,556.888,47088,0.070632,,,data/model_baselines/gemini_35_flash_fill_only_done_30_seed20260709_r2_step32/computer_use_gemini_35_flash_lowcost/language_exchange/run_0002/trial_20260710T015136725520Z/summary.json
Gemini 3.5 Flash,computer_use_gemini_35_flash_lowcost,library_membership,run_0002,gemini_35_flash_fill_only_done_30_seed20260709_r2_step32,trial_20260710T020053884768Z,true,true,filled_without_submit,7,7,100.0,14,251.613,21928,0.032892,,,data/model_baselines/gemini_35_flash_fill_only_done_30_seed20260709_r2_step32/computer_use_gemini_35_flash_lowcost/library_membership/run_0002/trial_20260710T020053884768Z/summary.json
Gemini 3.5 Flash,computer_use_gemini_35_flash_lowcost,meal_plan,run_0002,gemini_35_flash_fill_only_done_30_seed20260709_r2_step32,trial_20260710T020505807978Z,true,true,filled_without_submit,7,7,100.0,30,518.446,46388,0.069582,,,data/model_baselines/gemini_35_flash_fill_only_done_30_seed20260709_r2_step32/computer_use_gemini_35_flash_lowcost/meal_plan/run_0002/trial_20260710T020505807978Z/summary.json
Gemini 3.5 Flash,computer_use_gemini_35_flash_lowcost,mentor_match,run_0002,gemini_35_flash_fill_only_done_50_completion_20260713_r2_step32,trial_20260714T012917124170Z,true,false,done_incomplete_fill_only,6,7,85.71,24,1242.204,37900,0.05685,done_incomplete_fill_only,remaining_answers=1,data/model_baselines/gemini_35_flash_fill_only_done_50_completion_20260713_r2_step32/computer_use_gemini_35_flash_lowcost/mentor_match/run_0002/trial_20260714T012917124170Z/summary.json
Gemini 3.5 Flash,computer_use_gemini_35_flash_lowcost,newsletter_signup,run_0002,gemini_35_flash_fill_only_done_30_seed20260709_r2_step32,trial_20260710T021344497891Z,true,false,done_incomplete_fill_only,6,7,85.71,13,228.326,20544,0.030816,done_incomplete_fill_only,remaining_answers=1,data/model_baselines/gemini_35_flash_fill_only_done_30_seed20260709_r2_step32/computer_use_gemini_35_flash_lowcost/newsletter_signup/run_0002/trial_20260710T021344497891Z/summary.json
Gemini 3.5 Flash,computer_use_gemini_35_flash_lowcost,office_hours,run_0002,gemini_35_flash_fill_only_done_30_seed20260709_r2_step32,trial_20260710T021733142984Z,true,false,max_steps_exceeded,6,8,75.0,32,583.507,51241,0.076861,max_steps_exceeded,max_steps=32,data/model_baselines/gemini_35_flash_fill_only_done_30_seed20260709_r2_step32/computer_use_gemini_35_flash_lowcost/office_hours/run_0002/trial_20260710T021733142984Z/summary.json
Gemini 3.5 Flash,computer_use_gemini_35_flash_lowcost,orientation_signup,run_0002,gemini_35_flash_fill_only_done_50_completion_20260713_r2_step32,trial_20260714T060313102648Z,true,false,done_incomplete_fill_only,7,8,87.5,24,790.179,38280,0.05742,done_incomplete_fill_only,remaining_answers=1,data/model_baselines/gemini_35_flash_fill_only_done_50_completion_20260713_r2_step32/computer_use_gemini_35_flash_lowcost/orientation_signup/run_0002/trial_20260714T060313102648Z/summary.json
Gemini 3.5 Flash,computer_use_gemini_35_flash_lowcost,paper_review,run_0002,gemini_35_flash_fill_only_done_30_seed20260709_r2_step32,trial_20260710T023016264890Z,true,false,done_incomplete_fill_only,6,7,85.71,25,430.549,40405,0.060608,done_incomplete_fill_only,remaining_answers=1,data/model_baselines/gemini_35_flash_fill_only_done_30_seed20260709_r2_step32/computer_use_gemini_35_flash_lowcost/paper_review/run_0002/trial_20260710T023016264890Z/summary.json
Gemini 3.5 Flash,computer_use_gemini_35_flash_lowcost,peer_evaluation,run_0002,gemini_35_flash_fill_only_done_50_completion_20260713_r2_step32,trial_20260714T014959588904Z,true,false,done_incomplete_fill_only,6,7,85.71,17,790.412,27285,0.040927,done_incomplete_fill_only,remaining_answers=1,data/model_baselines/gemini_35_flash_fill_only_done_50_completion_20260713_r2_step32/computer_use_gemini_35_flash_lowcost/peer_evaluation/run_0002/trial_20260714T014959588904Z/summary.json
Gemini 3.5 Flash,computer_use_gemini_35_flash_lowcost,project_update,run_0002,gemini_35_flash_fill_only_done_30_seed20260709_r2_step32,trial_20260710T023727104891Z,true,false,done_incomplete_fill_only,7,8,87.5,26,492.738,41381,0.062072,done_incomplete_fill_only,remaining_answers=1,data/model_baselines/gemini_35_flash_fill_only_done_30_seed20260709_r2_step32/computer_use_gemini_35_flash_lowcost/project_update/run_0002/trial_20260710T023727104891Z/summary.json
Gemini 3.5 Flash,computer_use_gemini_35_flash_lowcost,publication_submission,run_0002,gemini_35_flash_fill_only_done_30_seed20260709_r2_step32,trial_20260710T024540136690Z,true,false,max_steps_exceeded,4,10,40.0,32,643.811,55092,0.082638,max_steps_exceeded,max_steps=32,data/model_baselines/gemini_35_flash_fill_only_done_30_seed20260709_r2_step32/computer_use_gemini_35_flash_lowcost/publication_submission/run_0002/trial_20260710T024540136690Z/summary.json
Gemini 3.5 Flash,computer_use_gemini_35_flash_lowcost,purchase_request,run_0002,gemini_35_flash_fill_only_done_50_completion_20260713_r2_step32,trial_20260714T020310236721Z,true,false,max_steps_exceeded,3,10,30.0,32,1620.377,55098,0.082647,max_steps_exceeded,max_steps=32,data/model_baselines/gemini_35_flash_fill_only_done_50_completion_20260713_r2_step32/computer_use_gemini_35_flash_lowcost/purchase_request/run_0002/trial_20260714T020310236721Z/summary.json
Gemini 3.5 Flash,computer_use_gemini_35_flash_lowcost,remote_setup,run_0002,gemini_35_flash_fill_only_done_50_completion_20260713_r2_step32,trial_20260714T023010945223Z,true,false,max_steps_exceeded,5,7,71.43,32,1598.146,49181,0.073772,max_steps_exceeded,max_steps=32,data/model_baselines/gemini_35_flash_fill_only_done_50_completion_20260713_r2_step32/computer_use_gemini_35_flash_lowcost/remote_setup/run_0002/trial_20260714T023010945223Z/summary.json
Gemini 3.5 Flash,computer_use_gemini_35_flash_lowcost,research_interest,run_0002,gemini_35_flash_fill_only_done_50_completion_20260713_r2_step32,trial_20260714T025649347106Z,true,false,done_incomplete_fill_only,6,7,85.71,25,1378.329,39449,0.059173,done_incomplete_fill_only,remaining_answers=1,data/model_baselines/gemini_35_flash_fill_only_done_50_completion_20260713_r2_step32/computer_use_gemini_35_flash_lowcost/research_interest/run_0002/trial_20260714T025649347106Z/summary.json
Gemini 3.5 Flash,computer_use_gemini_35_flash_lowcost,room_booking,run_0002,gemini_35_flash_fill_only_done_30_seed20260709_r2_step32,trial_20260710T025624202459Z,true,false,max_steps_exceeded,6,9,66.67,32,605.485,52896,0.079344,max_steps_exceeded,max_steps=32,data/model_baselines/gemini_35_flash_fill_only_done_30_seed20260709_r2_step32/computer_use_gemini_35_flash_lowcost/room_booking/run_0002/trial_20260710T025624202459Z/summary.json
Gemini 3.5 Flash,computer_use_gemini_35_flash_lowcost,scholarship_interest,run_0002,gemini_35_flash_fill_only_done_30_seed20260709_r2_step32,trial_20260710T030630025612Z,true,false,max_steps_exceeded,3,7,42.86,32,512.099,51164,0.076746,max_steps_exceeded,max_steps=32,data/model_baselines/gemini_35_flash_fill_only_done_30_seed20260709_r2_step32/computer_use_gemini_35_flash_lowcost/scholarship_interest/run_0002/trial_20260710T030630025612Z/summary.json
Gemini 3.5 Flash,computer_use_gemini_35_flash_lowcost,seminar_proposal,run_0002,gemini_35_flash_fill_only_done_50_completion_20260713_r2_step32,trial_20260714T031947960184Z,true,false,max_steps_exceeded,4,8,50.0,32,1810.487,50795,0.076192,max_steps_exceeded,max_steps=32,data/model_baselines/gemini_35_flash_fill_only_done_50_completion_20260713_r2_step32/computer_use_gemini_35_flash_lowcost/seminar_proposal/run_0002/trial_20260714T031947960184Z/summary.json
Gemini 3.5 Flash,computer_use_gemini_35_flash_lowcost,software_access,run_0002,gemini_35_flash_fill_only_done_50_completion_20260713_r2_step32,trial_20260714T034958802451Z,true,false,max_steps_exceeded,6,8,75.0,32,1200.291,52070,0.078105,max_steps_exceeded,max_steps=32,data/model_baselines/gemini_35_flash_fill_only_done_50_completion_20260713_r2_step32/computer_use_gemini_35_flash_lowcost/software_access/run_0002/trial_20260714T034958802451Z/summary.json
Gemini 3.5 Flash,computer_use_gemini_35_flash_lowcost,sports_tournament,run_0002,gemini_35_flash_fill_only_done_30_seed20260709_r2_step32,trial_20260710T031502398352Z,true,false,max_steps_exceeded,3,9,33.33,32,601.216,52695,0.079043,max_steps_exceeded,max_steps=32,data/model_baselines/gemini_35_flash_fill_only_done_30_seed20260709_r2_step32/computer_use_gemini_35_flash_lowcost/sports_tournament/run_0002/trial_20260710T031502398352Z/summary.json
Gemini 3.5 Flash,computer_use_gemini_35_flash_lowcost,study_group_match,run_0002,gemini_35_flash_fill_only_done_30_seed20260709_r2_step32,trial_20260710T032503915701Z,true,true,filled_without_submit,7,7,100.0,25,417.428,39142,0.058713,,,data/model_baselines/gemini_35_flash_fill_only_done_30_seed20260709_r2_step32/computer_use_gemini_35_flash_lowcost/study_group_match/run_0002/trial_20260710T032503915701Z/summary.json
Gemini 3.5 Flash,computer_use_gemini_35_flash_lowcost,survey_consent,run_0002,gemini_35_flash_fill_only_done_30_seed20260709_r2_step32,trial_20260710T033201665123Z,true,false,max_steps_exceeded,6,8,75.0,32,590.675,48886,0.073329,max_steps_exceeded,max_steps=32,data/model_baselines/gemini_35_flash_fill_only_done_30_seed20260709_r2_step32/computer_use_gemini_35_flash_lowcost/survey_consent/run_0002/trial_20260710T033201665123Z/summary.json
Gemini 3.5 Flash,computer_use_gemini_35_flash_lowcost,technical_support,run_0002,gemini_35_flash_fill_only_done_50_completion_20260713_r2_step32,trial_20260714T061623715375Z,true,false,max_steps_exceeded,4,8,50.0,32,1126.905,53296,0.079944,max_steps_exceeded,max_steps=32,data/model_baselines/gemini_35_flash_fill_only_done_50_completion_20260713_r2_step32/computer_use_gemini_35_flash_lowcost/technical_support/run_0002/trial_20260714T061623715375Z/summary.json
Gemini 3.5 Flash,computer_use_gemini_35_flash_lowcost,thesis_meeting,run_0002,gemini_35_flash_fill_only_done_50_completion_20260713_r2_step32,trial_20260714T040959408235Z,true,false,max_steps_exceeded,5,8,62.5,32,1042.332,51358,0.077037,max_steps_exceeded,max_steps=32,data/model_baselines/gemini_35_flash_fill_only_done_50_completion_20260713_r2_step32/computer_use_gemini_35_flash_lowcost/thesis_meeting/run_0002/trial_20260714T040959408235Z/summary.json
Gemini 3.5 Flash,computer_use_gemini_35_flash_lowcost,travel_reimbursement,run_0002,gemini_35_flash_fill_only_done_50_completion_20260713_r2_step32,trial_20260714T042722107879Z,true,false,max_steps_exceeded,7,11,63.64,32,1207.572,54370,0.081555,max_steps_exceeded,max_steps=32,data/model_baselines/gemini_35_flash_fill_only_done_50_completion_20260713_r2_step32/computer_use_gemini_35_flash_lowcost/travel_reimbursement/run_0002/trial_20260714T042722107879Z/summary.json
Gemini 3.5 Flash,computer_use_gemini_35_flash_lowcost,usability_test,run_0002,gemini_35_flash_fill_only_done_30_seed20260709_r2_step32,trial_20260710T035052105109Z,true,true,filled_without_submit,7,7,100.0,20,376.507,30594,0.045891,,,data/model_baselines/gemini_35_flash_fill_only_done_30_seed20260709_r2_step32/computer_use_gemini_35_flash_lowcost/usability_test/run_0002/trial_20260710T035052105109Z/summary.json
Gemini 3.5 Flash,computer_use_gemini_35_flash_lowcost,volunteer_shift,run_0002,gemini_35_flash_fill_only_done_30_seed20260709_r2_step32,trial_20260710T035708909001Z,true,true,filled_without_submit,7,7,100.0,23,441.337,36065,0.054097,,,data/model_baselines/gemini_35_flash_fill_only_done_30_seed20260709_r2_step32/computer_use_gemini_35_flash_lowcost/volunteer_shift/run_0002/trial_20260710T035708909001Z/summary.json
Gemini 3.5 Flash,computer_use_gemini_35_flash_lowcost,wellbeing_check,run_0002,gemini_35_flash_fill_only_done_50_completion_20260713_r2_step32,trial_20260714T044729959226Z,true,false,max_steps_exceeded,5,7,71.43,32,972.966,51375,0.077062,max_steps_exceeded,max_steps=32,data/model_baselines/gemini_35_flash_fill_only_done_50_completion_20260713_r2_step32/computer_use_gemini_35_flash_lowcost/wellbeing_check/run_0002/trial_20260714T044729959226Z/summary.json
Gemini 3.5 Flash,computer_use_gemini_35_flash_lowcost,workshop_signup,run_0002,gemini_35_flash_fill_only_done_30_seed20260709_r2_step32,trial_20260710T040430564731Z,true,true,filled_without_submit,7,7,100.0,18,331.304,28218,0.042327,,,data/model_baselines/gemini_35_flash_fill_only_done_30_seed20260709_r2_step32/computer_use_gemini_35_flash_lowcost/workshop_signup/run_0002/trial_20260710T040430564731Z/summary.json
OpenCUA direct-MCP,computer_use_opencua_32b_direct_mcp,accessibility_feedback,run_0002,opencua_direct_mcp_fill_only_done_50_topup20_20260713_r2_step32,trial_20260713T214621479145Z,true,false,max_steps_exceeded,6,8,75.0,41,3639.458,0,,max_steps_exceeded,max_steps=32,data/model_baselines/opencua_direct_mcp_fill_only_done_50_topup20_20260713_r2_step32/computer_use_opencua_32b_direct_mcp/accessibility_feedback/run_0002/trial_20260713T214621479145Z/summary.json
OpenCUA direct-MCP,computer_use_opencua_32b_direct_mcp,alumni_checkin,run_0002,opencua_direct_mcp_fill_only_done_30_seed20260709_r2_step32,trial_20260709T162517187292Z,true,true,filled_without_submit,7,7,100.0,7,186.83,0,,,,data/model_baselines/opencua_direct_mcp_fill_only_done_30_seed20260709_r2_step32/computer_use_opencua_32b_direct_mcp/alumni_checkin/run_0002/trial_20260709T162517187292Z/summary.json
OpenCUA direct-MCP,computer_use_opencua_32b_direct_mcp,bug_report,run_0002,opencua_direct_mcp_fill_only_done_30_seed20260709_r2_step32,trial_20260709T162824523054Z,true,false,done_incomplete_fill_only,8,9,88.89,10,253.94,0,,done_incomplete_fill_only,verified_correctness=8/9,data/model_baselines/opencua_direct_mcp_fill_only_done_30_seed20260709_r2_step32/computer_use_opencua_32b_direct_mcp/bug_report/run_0002/trial_20260709T162824523054Z/summary.json
OpenCUA direct-MCP,computer_use_opencua_32b_direct_mcp,club_application,run_0002,opencua_direct_mcp_fill_only_done_50_topup20_20260713_r2_step32,trial_20260713T224702158487Z,true,false,done_incomplete_fill_only,3,10,30.0,17,573.163,0,,done_incomplete_fill_only,verified_correctness=3/10,data/model_baselines/opencua_direct_mcp_fill_only_done_50_topup20_20260713_r2_step32/computer_use_opencua_32b_direct_mcp/club_application/run_0002/trial_20260713T224702158487Z/summary.json
OpenCUA direct-MCP,computer_use_opencua_32b_direct_mcp,club_event_planning,run_0002,opencua_direct_mcp_fill_only_done_50_topup20_20260713_r2_step32,trial_20260713T225635776050Z,true,false,done_incomplete_fill_only,2,10,20.0,15,466.985,0,,done_incomplete_fill_only,verified_correctness=2/10,data/model_baselines/opencua_direct_mcp_fill_only_done_50_topup20_20260713_r2_step32/computer_use_opencua_32b_direct_mcp/club_event_planning/run_0002/trial_20260713T225635776050Z/summary.json
OpenCUA direct-MCP,computer_use_opencua_32b_direct_mcp,conf_interest,run_0002,opencua_direct_mcp_fill_only_done_50_topup20_20260713_r2_step32,trial_20260713T230423446788Z,true,true,filled_without_submit,7,7,100.0,9,229.721,0,,,,data/model_baselines/opencua_direct_mcp_fill_only_done_50_topup20_20260713_r2_step32/computer_use_opencua_32b_direct_mcp/conf_interest/run_0002/trial_20260713T230423446788Z/summary.json
OpenCUA direct-MCP,computer_use_opencua_32b_direct_mcp,conference_travel,run_0002,opencua_direct_mcp_fill_only_done_30_seed20260709_r2_step32,trial_20260709T163238733616Z,true,false,max_steps_exceeded,2,10,20.0,32,754.497,0,,max_steps_exceeded,max_steps=32,data/model_baselines/opencua_direct_mcp_fill_only_done_30_seed20260709_r2_step32/computer_use_opencua_32b_direct_mcp/conference_travel/run_0002/trial_20260709T163238733616Z/summary.json
OpenCUA direct-MCP,computer_use_opencua_32b_direct_mcp,course_enrollment,run_0002,opencua_direct_mcp_fill_only_done_30_seed20260709_r2_step32,trial_20260709T164513536839Z,true,false,done_incomplete_fill_only,7,8,87.5,15,366.058,0,,done_incomplete_fill_only,verified_correctness=7/8,data/model_baselines/opencua_direct_mcp_fill_only_done_30_seed20260709_r2_step32/computer_use_opencua_32b_direct_mcp/course_enrollment/run_0002/trial_20260709T164513536839Z/summary.json
OpenCUA direct-MCP,computer_use_opencua_32b_direct_mcp,course_feedback,run_0002,opencua_direct_mcp_fill_only_done_30_seed20260709_r2_step32,trial_20260709T165119889209Z,true,false,done_incomplete_fill_only,6,9,66.67,11,327.333,0,,done_incomplete_fill_only,verified_correctness=6/9,data/model_baselines/opencua_direct_mcp_fill_only_done_30_seed20260709_r2_step32/computer_use_opencua_32b_direct_mcp/course_feedback/run_0002/trial_20260709T165119889209Z/summary.json
OpenCUA direct-MCP,computer_use_opencua_32b_direct_mcp,data_annotation,run_0002,opencua_direct_mcp_fill_only_done_30_seed20260709_r2_step32,trial_20260709T165647490816Z,true,false,done_incomplete_fill_only,4,9,44.44,12,309.91,0,,done_incomplete_fill_only,verified_correctness=4/9,data/model_baselines/opencua_direct_mcp_fill_only_done_30_seed20260709_r2_step32/computer_use_opencua_32b_direct_mcp/data_annotation/run_0002/trial_20260709T165647490816Z/summary.json
OpenCUA direct-MCP,computer_use_opencua_32b_direct_mcp,dataset_request,run_0002,opencua_direct_mcp_fill_only_done_30_seed20260709_r2_step32,trial_20260709T170157686291Z,true,false,done_incomplete_fill_only,4,9,44.44,12,332.735,0,,done_incomplete_fill_only,verified_correctness=4/9,data/model_baselines/opencua_direct_mcp_fill_only_done_30_seed20260709_r2_step32/computer_use_opencua_32b_direct_mcp/dataset_request/run_0002/trial_20260709T170157686291Z/summary.json
OpenCUA direct-MCP,computer_use_opencua_32b_direct_mcp,equipment_checkout,run_0002,opencua_direct_mcp_fill_only_done_50_topup20_20260713_r2_step32,trial_20260713T230813672127Z,true,false,done_incomplete_fill_only,8,9,88.89,14,408.334,0,,done_incomplete_fill_only,verified_correctness=8/9,data/model_baselines/opencua_direct_mcp_fill_only_done_50_topup20_20260713_r2_step32/computer_use_opencua_32b_direct_mcp/equipment_checkout/run_0002/trial_20260713T230813672127Z/summary.json
OpenCUA direct-MCP,computer_use_opencua_32b_direct_mcp,event_rsvp,run_0002,opencua_direct_mcp_fill_only_done_30_seed20260709_r2_step32,trial_20260709T170730786875Z,true,true,filled_without_submit,6,6,100.0,9,187.232,0,,,,data/model_baselines/opencua_direct_mcp_fill_only_done_30_seed20260709_r2_step32/computer_use_opencua_32b_direct_mcp/event_rsvp/run_0002/trial_20260709T170730786875Z/summary.json
OpenCUA direct-MCP,computer_use_opencua_32b_direct_mcp,exam_registration,run_0002,opencua_direct_mcp_fill_only_done_30_seed20260709_r2_step32,trial_20260709T171038373991Z,true,false,done_incomplete_fill_only,7,8,87.5,9,211.558,0,,done_incomplete_fill_only,verified_correctness=7/8,data/model_baselines/opencua_direct_mcp_fill_only_done_30_seed20260709_r2_step32/computer_use_opencua_32b_direct_mcp/exam_registration/run_0002/trial_20260709T171038373991Z/summary.json
OpenCUA direct-MCP,computer_use_opencua_32b_direct_mcp,experiment_booking,run_0002,opencua_direct_mcp_fill_only_done_50_topup20_20260713_r2_step32,trial_20260713T231502377682Z,true,false,done_incomplete_fill_only,4,9,44.44,12,373.41,0,,done_incomplete_fill_only,verified_correctness=4/9,data/model_baselines/opencua_direct_mcp_fill_only_done_50_topup20_20260713_r2_step32/computer_use_opencua_32b_direct_mcp/experiment_booking/run_0002/trial_20260713T231502377682Z/summary.json
OpenCUA direct-MCP,computer_use_opencua_32b_direct_mcp,field_trip,run_0002,opencua_direct_mcp_fill_only_done_50_topup20_20260713_r2_step32,trial_20260713T232116371258Z,true,false,done_incomplete_fill_only,7,8,87.5,9,255.668,0,,done_incomplete_fill_only,verified_correctness=7/8,data/model_baselines/opencua_direct_mcp_fill_only_done_50_topup20_20260713_r2_step32/computer_use_opencua_32b_direct_mcp/field_trip/run_0002/trial_20260713T232116371258Z/summary.json
OpenCUA direct-MCP,computer_use_opencua_32b_direct_mcp,hackathon_signup,run_0002,opencua_direct_mcp_fill_only_done_30_seed20260709_r2_step32,trial_20260709T171410226283Z,true,false,done_incomplete_fill_only,5,9,55.56,11,281.21,0,,done_incomplete_fill_only,verified_correctness=5/9,data/model_baselines/opencua_direct_mcp_fill_only_done_30_seed20260709_r2_step32/computer_use_opencua_32b_direct_mcp/hackathon_signup/run_0002/trial_20260709T171410226283Z/summary.json
OpenCUA direct-MCP,computer_use_opencua_32b_direct_mcp,housing_preference,run_0002,opencua_direct_mcp_fill_only_done_30_seed20260709_r2_step32,trial_20260709T171851801437Z,true,true,filled_without_submit,7,7,100.0,7,160.839,0,,,,data/model_baselines/opencua_direct_mcp_fill_only_done_30_seed20260709_r2_step32/computer_use_opencua_32b_direct_mcp/housing_preference/run_0002/trial_20260709T171851801437Z/summary.json
OpenCUA direct-MCP,computer_use_opencua_32b_direct_mcp,internship_app,run_0002,opencua_direct_mcp_fill_only_done_50_topup20_20260713_r2_step32,trial_20260713T232532481503Z,true,false,done_incomplete_fill_only,3,12,25.0,21,788.54,0,,done_incomplete_fill_only,verified_correctness=3/12,data/model_baselines/opencua_direct_mcp_fill_only_done_50_topup20_20260713_r2_step32/computer_use_opencua_32b_direct_mcp/internship_app/run_0002/trial_20260713T232532481503Z/summary.json
OpenCUA direct-MCP,computer_use_opencua_32b_direct_mcp,job_fair,run_0002,opencua_direct_mcp_fill_only_done_30_seed20260709_r2_step32,trial_20260709T172132913684Z,true,false,done_incomplete_fill_only,4,9,44.44,13,352.789,0,,done_incomplete_fill_only,verified_correctness=4/9,data/model_baselines/opencua_direct_mcp_fill_only_done_30_seed20260709_r2_step32/computer_use_opencua_32b_direct_mcp/job_fair/run_0002/trial_20260709T172132913684Z/summary.json
OpenCUA direct-MCP,computer_use_opencua_32b_direct_mcp,lab_safety,run_0002,opencua_direct_mcp_fill_only_done_50_topup20_20260713_r2_step32,trial_20260713T233841396640Z,true,false,done_incomplete_fill_only,7,8,87.5,10,320.007,0,,done_incomplete_fill_only,verified_correctness=7/8,data/model_baselines/opencua_direct_mcp_fill_only_done_50_topup20_20260713_r2_step32/computer_use_opencua_32b_direct_mcp/lab_safety/run_0002/trial_20260713T233841396640Z/summary.json
OpenCUA direct-MCP,computer_use_opencua_32b_direct_mcp,lab_visit,run_0002,opencua_direct_mcp_fill_only_done_50_topup20_20260713_r2_step32,trial_20260713T234402265713Z,true,true,filled_without_submit,8,8,100.0,10,266.904,0,,,,data/model_baselines/opencua_direct_mcp_fill_only_done_50_topup20_20260713_r2_step32/computer_use_opencua_32b_direct_mcp/lab_visit/run_0002/trial_20260713T234402265713Z/summary.json
OpenCUA direct-MCP,computer_use_opencua_32b_direct_mcp,language_exchange,run_0002,opencua_direct_mcp_fill_only_done_30_seed20260709_r2_step32,trial_20260709T172726025009Z,true,false,done_incomplete_fill_only,5,9,55.56,11,292.618,0,,done_incomplete_fill_only,verified_correctness=5/9,data/model_baselines/opencua_direct_mcp_fill_only_done_30_seed20260709_r2_step32/computer_use_opencua_32b_direct_mcp/language_exchange/run_0002/trial_20260709T172726025009Z/summary.json
OpenCUA direct-MCP,computer_use_opencua_32b_direct_mcp,library_membership,run_0002,opencua_direct_mcp_fill_only_done_30_seed20260709_r2_step32,trial_20260709T173218917684Z,true,true,filled_without_submit,7,7,100.0,7,151.765,0,,,,data/model_baselines/opencua_direct_mcp_fill_only_done_30_seed20260709_r2_step32/computer_use_opencua_32b_direct_mcp/library_membership/run_0002/trial_20260709T173218917684Z/summary.json
OpenCUA direct-MCP,computer_use_opencua_32b_direct_mcp,meal_plan,run_0002,opencua_direct_mcp_fill_only_done_30_seed20260709_r2_step32,trial_20260709T173450975550Z,true,true,filled_without_submit,7,7,100.0,9,201.274,0,,,,data/model_baselines/opencua_direct_mcp_fill_only_done_30_seed20260709_r2_step32/computer_use_opencua_32b_direct_mcp/meal_plan/run_0002/trial_20260709T173450975550Z/summary.json
OpenCUA direct-MCP,computer_use_opencua_32b_direct_mcp,mentor_match,run_0002,opencua_direct_mcp_fill_only_done_50_topup20_20260713_r2_step32,trial_20260713T234829638579Z,true,true,filled_without_submit,7,7,100.0,11,300.248,0,,,,data/model_baselines/opencua_direct_mcp_fill_only_done_50_topup20_20260713_r2_step32/computer_use_opencua_32b_direct_mcp/mentor_match/run_0002/trial_20260713T234829638579Z/summary.json
OpenCUA direct-MCP,computer_use_opencua_32b_direct_mcp,newsletter_signup,run_0002,opencua_direct_mcp_fill_only_done_30_seed20260709_r2_step32,trial_20260709T173812795094Z,true,false,done_incomplete_fill_only,6,7,85.71,8,201.439,0,,done_incomplete_fill_only,verified_correctness=6/7,data/model_baselines/opencua_direct_mcp_fill_only_done_30_seed20260709_r2_step32/computer_use_opencua_32b_direct_mcp/newsletter_signup/run_0002/trial_20260709T173812795094Z/summary.json
OpenCUA direct-MCP,computer_use_opencua_32b_direct_mcp,office_hours,run_0002,opencua_direct_mcp_fill_only_done_30_seed20260709_r2_step32,trial_20260709T174134495447Z,true,false,done_incomplete_fill_only,7,8,87.5,12,267.455,0,,done_incomplete_fill_only,verified_correctness=7/8,data/model_baselines/opencua_direct_mcp_fill_only_done_30_seed20260709_r2_step32/computer_use_opencua_32b_direct_mcp/office_hours/run_0002/trial_20260709T174134495447Z/summary.json
OpenCUA direct-MCP,computer_use_opencua_32b_direct_mcp,orientation_signup,run_0002,opencua_direct_mcp_fill_only_done_30_seed20260709_r2_step32,trial_20260709T174602223222Z,true,true,filled_without_submit,8,8,100.0,10,758.135,0,,,,data/model_baselines/opencua_direct_mcp_fill_only_done_30_seed20260709_r2_step32/computer_use_opencua_32b_direct_mcp/orientation_signup/run_0002/trial_20260709T174602223222Z/summary.json
OpenCUA direct-MCP,computer_use_opencua_32b_direct_mcp,paper_review,run_0002,opencua_direct_mcp_fill_only_done_30_seed20260709_r2_step32,trial_20260709T175840694295Z,true,false,done_incomplete_fill_only,6,7,85.71,10,247.143,0,,done_incomplete_fill_only,verified_correctness=6/7,data/model_baselines/opencua_direct_mcp_fill_only_done_30_seed20260709_r2_step32/computer_use_opencua_32b_direct_mcp/paper_review/run_0002/trial_20260709T175840694295Z/summary.json
OpenCUA direct-MCP,computer_use_opencua_32b_direct_mcp,peer_evaluation,run_0002,opencua_direct_mcp_fill_only_done_50_topup20_20260713_r2_step32,trial_20260713T235330346365Z,true,false,timeout,6,7,85.71,25,9542.455,0,,timeout,timeout after 9000s,data/model_baselines/opencua_direct_mcp_fill_only_done_50_topup20_20260713_r2_step32/computer_use_opencua_32b_direct_mcp/peer_evaluation/run_0002/trial_20260713T235330346365Z/summary.json
OpenCUA direct-MCP,computer_use_opencua_32b_direct_mcp,project_update,run_0002,opencua_direct_mcp_fill_only_done_30_seed20260709_r2_step32,trial_20260709T180248102175Z,true,true,filled_without_submit,8,8,100.0,10,226.867,0,,,,data/model_baselines/opencua_direct_mcp_fill_only_done_30_seed20260709_r2_step32/computer_use_opencua_32b_direct_mcp/project_update/run_0002/trial_20260709T180248102175Z/summary.json
OpenCUA direct-MCP,computer_use_opencua_32b_direct_mcp,publication_submission,run_0002,opencua_direct_mcp_fill_only_done_30_seed20260709_r2_step32,trial_20260709T180635291489Z,true,false,max_steps_exceeded,4,10,40.0,32,4289.148,0,,max_steps_exceeded,max_steps=32,data/model_baselines/opencua_direct_mcp_fill_only_done_30_seed20260709_r2_step32/computer_use_opencua_32b_direct_mcp/publication_submission/run_0002/trial_20260709T180635291489Z/summary.json
OpenCUA direct-MCP,computer_use_opencua_32b_direct_mcp,purchase_request,run_0002,opencua_direct_mcp_fill_only_done_50_topup20_20260713_r2_step32,trial_20260714T023233547917Z,true,false,done_incomplete_fill_only,3,10,30.0,14,505.383,0,,done_incomplete_fill_only,verified_correctness=3/10,data/model_baselines/opencua_direct_mcp_fill_only_done_50_topup20_20260713_r2_step32/computer_use_opencua_32b_direct_mcp/purchase_request/run_0002/trial_20260714T023233547917Z/summary.json
OpenCUA direct-MCP,computer_use_opencua_32b_direct_mcp,remote_setup,run_0002,opencua_direct_mcp_fill_only_done_50_topup20_20260713_r2_step32,trial_20260714T024059922248Z,true,false,done_incomplete_fill_only,6,7,85.71,8,243.967,0,,done_incomplete_fill_only,verified_correctness=6/7,data/model_baselines/opencua_direct_mcp_fill_only_done_50_topup20_20260713_r2_step32/computer_use_opencua_32b_direct_mcp/remote_setup/run_0002/trial_20260714T024059922248Z/summary.json
OpenCUA direct-MCP,computer_use_opencua_32b_direct_mcp,research_interest,run_0002,opencua_direct_mcp_fill_only_done_50_topup20_20260713_r2_step32,trial_20260714T024504242967Z,true,true,filled_without_submit,7,7,100.0,9,215.213,0,,,,data/model_baselines/opencua_direct_mcp_fill_only_done_50_topup20_20260713_r2_step32/computer_use_opencua_32b_direct_mcp/research_interest/run_0002/trial_20260714T024504242967Z/summary.json
OpenCUA direct-MCP,computer_use_opencua_32b_direct_mcp,room_booking,run_0002,opencua_direct_mcp_fill_only_done_30_seed20260709_r2_step32,trial_20260709T191804792652Z,true,false,done_incomplete_fill_only,3,9,33.33,11,284.517,0,,done_incomplete_fill_only,verified_correctness=3/9,data/model_baselines/opencua_direct_mcp_fill_only_done_30_seed20260709_r2_step32/computer_use_opencua_32b_direct_mcp/room_booking/run_0002/trial_20260709T191804792652Z/summary.json
OpenCUA direct-MCP,computer_use_opencua_32b_direct_mcp,scholarship_interest,run_0002,opencua_direct_mcp_fill_only_done_30_seed20260709_r2_step32,trial_20260709T192249805713Z,true,false,done_incomplete_fill_only,6,7,85.71,8,192.31,0,,done_incomplete_fill_only,verified_correctness=6/7,data/model_baselines/opencua_direct_mcp_fill_only_done_30_seed20260709_r2_step32/computer_use_opencua_32b_direct_mcp/scholarship_interest/run_0002/trial_20260709T192249805713Z/summary.json
OpenCUA direct-MCP,computer_use_opencua_32b_direct_mcp,seminar_proposal,run_0002,opencua_direct_mcp_fill_only_done_50_topup20_20260713_r2_step32,trial_20260714T024839719453Z,true,false,done_incomplete_fill_only,4,8,50.0,11,910.437,0,,done_incomplete_fill_only,verified_correctness=4/8,data/model_baselines/opencua_direct_mcp_fill_only_done_50_topup20_20260713_r2_step32/computer_use_opencua_32b_direct_mcp/seminar_proposal/run_0002/trial_20260714T024839719453Z/summary.json
OpenCUA direct-MCP,computer_use_opencua_32b_direct_mcp,software_access,run_0002,opencua_direct_mcp_fill_only_done_50_topup20_20260713_r2_step32,trial_20260714T030350594015Z,true,false,done_incomplete_fill_only,7,8,87.5,9,273.664,0,,done_incomplete_fill_only,verified_correctness=7/8,data/model_baselines/opencua_direct_mcp_fill_only_done_50_topup20_20260713_r2_step32/computer_use_opencua_32b_direct_mcp/software_access/run_0002/trial_20260714T030350594015Z/summary.json
OpenCUA direct-MCP,computer_use_opencua_32b_direct_mcp,sports_tournament,run_0002,opencua_direct_mcp_fill_only_done_30_seed20260709_r2_step32,trial_20260709T192602433469Z,true,false,done_incomplete_fill_only,5,9,55.56,14,381.872,0,,done_incomplete_fill_only,verified_correctness=5/9,data/model_baselines/opencua_direct_mcp_fill_only_done_30_seed20260709_r2_step32/computer_use_opencua_32b_direct_mcp/sports_tournament/run_0002/trial_20260709T192602433469Z/summary.json
OpenCUA direct-MCP,computer_use_opencua_32b_direct_mcp,study_group_match,run_0002,opencua_direct_mcp_fill_only_done_30_seed20260709_r2_step32,trial_20260709T193224592911Z,true,true,filled_without_submit,7,7,100.0,12,277.18,0,,,,data/model_baselines/opencua_direct_mcp_fill_only_done_30_seed20260709_r2_step32/computer_use_opencua_32b_direct_mcp/study_group_match/run_0002/trial_20260709T193224592911Z/summary.json
OpenCUA direct-MCP,computer_use_opencua_32b_direct_mcp,survey_consent,run_0002,opencua_direct_mcp_fill_only_done_30_seed20260709_r2_step32,trial_20260709T193702049143Z,true,false,done_incomplete_fill_only,7,8,87.5,11,1400.744,0,,done_incomplete_fill_only,verified_correctness=7/8,data/model_baselines/opencua_direct_mcp_fill_only_done_30_seed20260709_r2_step32/computer_use_opencua_32b_direct_mcp/survey_consent/run_0002/trial_20260709T193702049143Z/summary.json
OpenCUA direct-MCP,computer_use_opencua_32b_direct_mcp,technical_support,run_0002,opencua_direct_mcp_fill_only_done_30_seed20260709_r2_step32,trial_20260709T200023113225Z,true,false,done_incomplete_fill_only,7,8,87.5,12,297.05,0,,done_incomplete_fill_only,verified_correctness=7/8,data/model_baselines/opencua_direct_mcp_fill_only_done_30_seed20260709_r2_step32/computer_use_opencua_32b_direct_mcp/technical_support/run_0002/trial_20260709T200023113225Z/summary.json
OpenCUA direct-MCP,computer_use_opencua_32b_direct_mcp,thesis_meeting,run_0002,opencua_direct_mcp_fill_only_done_50_topup20_20260713_r2_step32,trial_20260714T030824718434Z,true,false,max_steps_exceeded,6,8,75.0,47,2173.131,0,,max_steps_exceeded,max_steps=32,data/model_baselines/opencua_direct_mcp_fill_only_done_50_topup20_20260713_r2_step32/computer_use_opencua_32b_direct_mcp/thesis_meeting/run_0002/trial_20260714T030824718434Z/summary.json
OpenCUA direct-MCP,computer_use_opencua_32b_direct_mcp,travel_reimbursement,run_0002,opencua_direct_mcp_fill_only_done_50_topup20_20260713_r2_step32,trial_20260714T034438424939Z,true,false,max_steps_exceeded,5,11,45.45,32,809.619,0,,max_steps_exceeded,max_steps=32,data/model_baselines/opencua_direct_mcp_fill_only_done_50_topup20_20260713_r2_step32/computer_use_opencua_32b_direct_mcp/travel_reimbursement/run_0002/trial_20260714T034438424939Z/summary.json
OpenCUA direct-MCP,computer_use_opencua_32b_direct_mcp,usability_test,run_0002,opencua_direct_mcp_fill_only_done_30_seed20260709_r2_step32,trial_20260709T200520441837Z,true,true,filled_without_submit,7,7,100.0,8,177.481,0,,,,data/model_baselines/opencua_direct_mcp_fill_only_done_30_seed20260709_r2_step32/computer_use_opencua_32b_direct_mcp/usability_test/run_0002/trial_20260709T200520441837Z/summary.json
OpenCUA direct-MCP,computer_use_opencua_32b_direct_mcp,volunteer_shift,run_0002,opencua_direct_mcp_fill_only_done_30_seed20260709_r2_step32,trial_20260709T200818195282Z,true,true,filled_without_submit,7,7,100.0,8,184.757,0,,,,data/model_baselines/opencua_direct_mcp_fill_only_done_30_seed20260709_r2_step32/computer_use_opencua_32b_direct_mcp/volunteer_shift/run_0002/trial_20260709T200818195282Z/summary.json
OpenCUA direct-MCP,computer_use_opencua_32b_direct_mcp,wellbeing_check,run_0002,opencua_direct_mcp_fill_only_done_50_topup20_20260713_r2_step32,trial_20260714T035808721876Z,true,false,done_incomplete_fill_only,3,7,42.86,12,346.515,0,,done_incomplete_fill_only,verified_correctness=3/7,data/model_baselines/opencua_direct_mcp_fill_only_done_50_topup20_20260713_r2_step32/computer_use_opencua_32b_direct_mcp/wellbeing_check/run_0002/trial_20260714T035808721876Z/summary.json
OpenCUA direct-MCP,computer_use_opencua_32b_direct_mcp,workshop_signup,run_0002,opencua_direct_mcp_fill_only_done_30_seed20260709_r2_step32,trial_20260709T201123289326Z,true,true,filled_without_submit,7,7,100.0,7,167.249,0,,,,data/model_baselines/opencua_direct_mcp_fill_only_done_30_seed20260709_r2_step32/computer_use_opencua_32b_direct_mcp/workshop_signup/run_0002/trial_20260709T201123289326Z/summary.json
Qwen3 Text,text_qwen3_30b_a3b_instruct_2507,accessibility_feedback,run_0002,qwen_direct_mcp_fill_only_done_50_20260713_r2_step32,trial_20260713T214205319959Z,true,false,done_incomplete_fill_only,6,8,75.0,9,209.703,0,,done_incomplete_fill_only,verified_correctness=6/8,data/model_baselines/qwen_direct_mcp_fill_only_done_50_20260713_r2_step32/text_qwen3_30b_a3b_instruct_2507/accessibility_feedback/run_0002/trial_20260713T214205319959Z/summary.json
Qwen3 Text,text_qwen3_30b_a3b_instruct_2507,alumni_checkin,run_0002,qwen_direct_mcp_fill_only_done_50_20260713_r2_step32,trial_20260713T214535413990Z,true,true,filled_without_submit,7,7,100.0,7,107.907,0,,,,data/model_baselines/qwen_direct_mcp_fill_only_done_50_20260713_r2_step32/text_qwen3_30b_a3b_instruct_2507/alumni_checkin/run_0002/trial_20260713T214535413990Z/summary.json
Qwen3 Text,text_qwen3_30b_a3b_instruct_2507,bug_report,run_0002,qwen_direct_mcp_fill_only_done_50_20260713_r2_step32,trial_20260713T214723651284Z,true,false,done_incomplete_fill_only,8,9,88.89,12,1405.255,0,,done_incomplete_fill_only,verified_correctness=8/9,data/model_baselines/qwen_direct_mcp_fill_only_done_50_20260713_r2_step32/text_qwen3_30b_a3b_instruct_2507/bug_report/run_0002/trial_20260713T214723651284Z/summary.json
Qwen3 Text,text_qwen3_30b_a3b_instruct_2507,club_application,run_0002,qwen_direct_mcp_fill_only_done_50_20260713_r2_step32,trial_20260713T221049275734Z,true,false,done_incomplete_fill_only,4,10,40.0,16,275.492,0,,done_incomplete_fill_only,verified_correctness=4/10,data/model_baselines/qwen_direct_mcp_fill_only_done_50_20260713_r2_step32/text_qwen3_30b_a3b_instruct_2507/club_application/run_0002/trial_20260713T221049275734Z/summary.json
Qwen3 Text,text_qwen3_30b_a3b_instruct_2507,club_event_planning,run_0002,qwen_direct_mcp_fill_only_done_50_20260713_r2_step32,trial_20260713T221525024650Z,true,false,done_incomplete_fill_only,3,10,30.0,17,421.923,0,,done_incomplete_fill_only,verified_correctness=3/10,data/model_baselines/qwen_direct_mcp_fill_only_done_50_20260713_r2_step32/text_qwen3_30b_a3b_instruct_2507/club_event_planning/run_0002/trial_20260713T221525024650Z/summary.json
Qwen3 Text,text_qwen3_30b_a3b_instruct_2507,conf_interest,run_0002,qwen_direct_mcp_fill_only_done_50_20260713_r2_step32,trial_20260713T222227336913Z,true,false,done_incomplete_fill_only,6,7,85.71,10,158.745,0,,done_incomplete_fill_only,verified_correctness=6/7,data/model_baselines/qwen_direct_mcp_fill_only_done_50_20260713_r2_step32/text_qwen3_30b_a3b_instruct_2507/conf_interest/run_0002/trial_20260713T222227336913Z/summary.json
Qwen3 Text,text_qwen3_30b_a3b_instruct_2507,conference_travel,run_0002,qwen_direct_mcp_fill_only_done_50_20260713_r2_step32,trial_20260713T222506518306Z,true,false,timeout,2,10,20.0,19,2183.272,0,,timeout,timeout after 1800s,data/model_baselines/qwen_direct_mcp_fill_only_done_50_20260713_r2_step32/text_qwen3_30b_a3b_instruct_2507/conference_travel/run_0002/trial_20260713T222506518306Z/summary.json
Qwen3 Text,text_qwen3_30b_a3b_instruct_2507,course_enrollment,run_0002,qwen_direct_mcp_fill_only_done_50_20260713_r2_step32,trial_20260713T230130156552Z,true,false,done_incomplete_fill_only,4,8,50.0,8,178.265,0,,done_incomplete_fill_only,verified_correctness=4/8,data/model_baselines/qwen_direct_mcp_fill_only_done_50_20260713_r2_step32/text_qwen3_30b_a3b_instruct_2507/course_enrollment/run_0002/trial_20260713T230130156552Z/summary.json
Qwen3 Text,text_qwen3_30b_a3b_instruct_2507,course_feedback,run_0002,qwen_direct_mcp_fill_only_done_50_20260713_r2_step32,trial_20260713T230428898302Z,true,false,done_incomplete_fill_only,4,9,44.44,11,222.978,0,,done_incomplete_fill_only,verified_correctness=4/9,data/model_baselines/qwen_direct_mcp_fill_only_done_50_20260713_r2_step32/text_qwen3_30b_a3b_instruct_2507/course_feedback/run_0002/trial_20260713T230428898302Z/summary.json
Qwen3 Text,text_qwen3_30b_a3b_instruct_2507,data_annotation,run_0002,qwen_direct_mcp_fill_only_done_50_20260713_r2_step32,trial_20260713T230812301698Z,true,false,max_steps_exceeded,0,9,0.0,37,882.2,0,,max_steps_exceeded,max_steps=32,data/model_baselines/qwen_direct_mcp_fill_only_done_50_20260713_r2_step32/text_qwen3_30b_a3b_instruct_2507/data_annotation/run_0002/trial_20260713T230812301698Z/summary.json
Qwen3 Text,text_qwen3_30b_a3b_instruct_2507,dataset_request,run_0002,qwen_direct_mcp_fill_only_done_50_20260713_r2_step32,trial_20260713T232254890395Z,true,false,model_no_tool_calls,4,9,44.44,9,213.208,0,,model_no_tool_calls,assistant returned no tool calls and no DONE/STOP text,data/model_baselines/qwen_direct_mcp_fill_only_done_50_20260713_r2_step32/text_qwen3_30b_a3b_instruct_2507/dataset_request/run_0002/trial_20260713T232254890395Z/summary.json
Qwen3 Text,text_qwen3_30b_a3b_instruct_2507,equipment_checkout,run_0002,qwen_direct_mcp_fill_only_done_50_20260713_r2_step32,trial_20260713T232628563420Z,true,false,timeout,5,9,55.56,16,2056.093,0,,timeout,timeout after 1800s,data/model_baselines/qwen_direct_mcp_fill_only_done_50_20260713_r2_step32/text_qwen3_30b_a3b_instruct_2507/equipment_checkout/run_0002/trial_20260713T232628563420Z/summary.json
Qwen3 Text,text_qwen3_30b_a3b_instruct_2507,event_rsvp,run_0002,qwen_direct_mcp_fill_only_done_50_20260713_r2_step32,trial_20260714T000044908081Z,true,false,done_incomplete_fill_only,4,6,66.67,11,193.704,0,,done_incomplete_fill_only,verified_correctness=4/6,data/model_baselines/qwen_direct_mcp_fill_only_done_50_20260713_r2_step32/text_qwen3_30b_a3b_instruct_2507/event_rsvp/run_0002/trial_20260714T000044908081Z/summary.json
Qwen3 Text,text_qwen3_30b_a3b_instruct_2507,exam_registration,run_0002,qwen_direct_mcp_fill_only_done_50_20260713_r2_step32,trial_20260714T000359098906Z,true,false,done_incomplete_fill_only,7,8,87.5,10,172.743,0,,done_incomplete_fill_only,verified_correctness=7/8,data/model_baselines/qwen_direct_mcp_fill_only_done_50_20260713_r2_step32/text_qwen3_30b_a3b_instruct_2507/exam_registration/run_0002/trial_20260714T000359098906Z/summary.json
Qwen3 Text,text_qwen3_30b_a3b_instruct_2507,experiment_booking,run_0002,qwen_direct_mcp_fill_only_done_50_20260713_r2_step32,trial_20260714T000652245084Z,true,false,done_incomplete_fill_only,3,9,33.33,14,302.758,0,,done_incomplete_fill_only,verified_correctness=3/9,data/model_baselines/qwen_direct_mcp_fill_only_done_50_20260713_r2_step32/text_qwen3_30b_a3b_instruct_2507/experiment_booking/run_0002/trial_20260714T000652245084Z/summary.json
Qwen3 Text,text_qwen3_30b_a3b_instruct_2507,field_trip,run_0002,qwen_direct_mcp_fill_only_done_50_20260713_r2_step32,trial_20260714T001155304445Z,true,false,max_steps_exceeded,4,8,50.0,36,762.722,0,,max_steps_exceeded,max_steps=32,data/model_baselines/qwen_direct_mcp_fill_only_done_50_20260713_r2_step32/text_qwen3_30b_a3b_instruct_2507/field_trip/run_0002/trial_20260714T001155304445Z/summary.json
Qwen3 Text,text_qwen3_30b_a3b_instruct_2507,hackathon_signup,run_0002,qwen_direct_mcp_fill_only_done_50_20260713_r2_step32,trial_20260714T002438250709Z,true,false,done_incomplete_fill_only,3,9,33.33,15,340.371,0,,done_incomplete_fill_only,verified_correctness=3/9,data/model_baselines/qwen_direct_mcp_fill_only_done_50_20260713_r2_step32/text_qwen3_30b_a3b_instruct_2507/hackathon_signup/run_0002/trial_20260714T002438250709Z/summary.json
Qwen3 Text,text_qwen3_30b_a3b_instruct_2507,housing_preference,run_0002,qwen_direct_mcp_fill_only_done_50_20260713_r2_step32,trial_20260714T003018979754Z,true,true,filled_without_submit,7,7,100.0,7,105.67,0,,,,data/model_baselines/qwen_direct_mcp_fill_only_done_50_20260713_r2_step32/text_qwen3_30b_a3b_instruct_2507/housing_preference/run_0002/trial_20260714T003018979754Z/summary.json
Qwen3 Text,text_qwen3_30b_a3b_instruct_2507,internship_app,run_0002,qwen_direct_mcp_fill_only_done_50_20260713_r2_step32,trial_20260714T003205000860Z,true,false,done_incomplete_fill_only,4,12,33.33,7,188.217,0,,done_incomplete_fill_only,verified_correctness=4/12,data/model_baselines/qwen_direct_mcp_fill_only_done_50_20260713_r2_step32/text_qwen3_30b_a3b_instruct_2507/internship_app/run_0002/trial_20260714T003205000860Z/summary.json
Qwen3 Text,text_qwen3_30b_a3b_instruct_2507,job_fair,run_0002,qwen_direct_mcp_fill_only_done_50_20260713_r2_step32,trial_20260714T003513398539Z,true,false,done_incomplete_fill_only,2,9,22.22,14,312.48,0,,done_incomplete_fill_only,verified_correctness=2/9,data/model_baselines/qwen_direct_mcp_fill_only_done_50_20260713_r2_step32/text_qwen3_30b_a3b_instruct_2507/job_fair/run_0002/trial_20260714T003513398539Z/summary.json
Qwen3 Text,text_qwen3_30b_a3b_instruct_2507,lab_safety,run_0002,qwen_direct_mcp_fill_only_done_50_20260713_r2_step32,trial_20260714T004026211176Z,true,false,done_incomplete_fill_only,5,8,62.5,10,217.46,0,,done_incomplete_fill_only,verified_correctness=5/8,data/model_baselines/qwen_direct_mcp_fill_only_done_50_20260713_r2_step32/text_qwen3_30b_a3b_instruct_2507/lab_safety/run_0002/trial_20260714T004026211176Z/summary.json
Qwen3 Text,text_qwen3_30b_a3b_instruct_2507,lab_visit,run_0002,qwen_direct_mcp_fill_only_done_50_20260713_r2_step32,trial_20260714T004404005353Z,true,true,filled_without_submit,8,8,100.0,9,130.648,0,,,,data/model_baselines/qwen_direct_mcp_fill_only_done_50_20260713_r2_step32/text_qwen3_30b_a3b_instruct_2507/lab_visit/run_0002/trial_20260714T004404005353Z/summary.json
Qwen3 Text,text_qwen3_30b_a3b_instruct_2507,language_exchange,run_0002,qwen_direct_mcp_fill_only_done_50_20260713_r2_step32,trial_20260714T004614905047Z,true,false,done_incomplete_fill_only,5,9,55.56,11,205.394,0,,done_incomplete_fill_only,verified_correctness=5/9,data/model_baselines/qwen_direct_mcp_fill_only_done_50_20260713_r2_step32/text_qwen3_30b_a3b_instruct_2507/language_exchange/run_0002/trial_20260714T004614905047Z/summary.json
Qwen3 Text,text_qwen3_30b_a3b_instruct_2507,library_membership,run_0002,qwen_direct_mcp_fill_only_done_50_20260713_r2_step32,trial_20260714T004940677508Z,true,true,filled_without_submit,7,7,100.0,7,97.769,0,,,,data/model_baselines/qwen_direct_mcp_fill_only_done_50_20260713_r2_step32/text_qwen3_30b_a3b_instruct_2507/library_membership/run_0002/trial_20260714T004940677508Z/summary.json
Qwen3 Text,text_qwen3_30b_a3b_instruct_2507,meal_plan,run_0002,qwen_direct_mcp_fill_only_done_50_20260713_r2_step32,trial_20260714T005118787939Z,true,true,filled_without_submit,7,7,100.0,8,116.165,0,,,,data/model_baselines/qwen_direct_mcp_fill_only_done_50_20260713_r2_step32/text_qwen3_30b_a3b_instruct_2507/meal_plan/run_0002/trial_20260714T005118787939Z/summary.json
Qwen3 Text,text_qwen3_30b_a3b_instruct_2507,mentor_match,run_0002,qwen_direct_mcp_fill_only_done_50_20260713_r2_step32,trial_20260714T005315332666Z,true,false,done_incomplete_fill_only,6,7,85.71,11,203.891,0,,done_incomplete_fill_only,verified_correctness=6/7,data/model_baselines/qwen_direct_mcp_fill_only_done_50_20260713_r2_step32/text_qwen3_30b_a3b_instruct_2507/mentor_match/run_0002/trial_20260714T005315332666Z/summary.json
Qwen3 Text,text_qwen3_30b_a3b_instruct_2507,newsletter_signup,run_0002,qwen_direct_mcp_fill_only_done_50_20260713_r2_step32,trial_20260714T005639507830Z,true,false,done_incomplete_fill_only,5,7,71.43,7,126.07,0,,done_incomplete_fill_only,verified_correctness=5/7,data/model_baselines/qwen_direct_mcp_fill_only_done_50_20260713_r2_step32/text_qwen3_30b_a3b_instruct_2507/newsletter_signup/run_0002/trial_20260714T005639507830Z/summary.json
Qwen3 Text,text_qwen3_30b_a3b_instruct_2507,office_hours,run_0002,qwen_direct_mcp_fill_only_done_50_20260713_r2_step32,trial_20260714T005845980686Z,true,false,timeout,6,8,75.0,13,2003.335,0,,timeout,timeout after 1800s,data/model_baselines/qwen_direct_mcp_fill_only_done_50_20260713_r2_step32/text_qwen3_30b_a3b_instruct_2507/office_hours/run_0002/trial_20260714T005845980686Z/summary.json
Qwen3 Text,text_qwen3_30b_a3b_instruct_2507,orientation_signup,run_0002,qwen_direct_mcp_fill_only_done_50_20260713_r2_step32,trial_20260714T013209618082Z,true,false,done_incomplete_fill_only,7,8,87.5,10,139.985,0,,done_incomplete_fill_only,verified_correctness=7/8,data/model_baselines/qwen_direct_mcp_fill_only_done_50_20260713_r2_step32/text_qwen3_30b_a3b_instruct_2507/orientation_signup/run_0002/trial_20260714T013209618082Z/summary.json
Qwen3 Text,text_qwen3_30b_a3b_instruct_2507,paper_review,run_0002,qwen_direct_mcp_fill_only_done_50_20260713_r2_step32,trial_20260714T013430032602Z,true,false,done_incomplete_fill_only,6,7,85.71,14,251.995,0,,done_incomplete_fill_only,verified_correctness=6/7,data/model_baselines/qwen_direct_mcp_fill_only_done_50_20260713_r2_step32/text_qwen3_30b_a3b_instruct_2507/paper_review/run_0002/trial_20260714T013430032602Z/summary.json
Qwen3 Text,text_qwen3_30b_a3b_instruct_2507,peer_evaluation,run_0002,qwen_direct_mcp_fill_only_done_50_20260713_r2_step32,trial_20260714T013842445910Z,true,false,done_incomplete_fill_only,5,7,71.43,11,200.457,0,,done_incomplete_fill_only,verified_correctness=5/7,data/model_baselines/qwen_direct_mcp_fill_only_done_50_20260713_r2_step32/text_qwen3_30b_a3b_instruct_2507/peer_evaluation/run_0002/trial_20260714T013842445910Z/summary.json
Qwen3 Text,text_qwen3_30b_a3b_instruct_2507,project_update,run_0002,qwen_direct_mcp_fill_only_done_50_20260713_r2_step32,trial_20260714T014203285294Z,true,false,done_incomplete_fill_only,7,8,87.5,10,178.731,0,,done_incomplete_fill_only,verified_correctness=7/8,data/model_baselines/qwen_direct_mcp_fill_only_done_50_20260713_r2_step32/text_qwen3_30b_a3b_instruct_2507/project_update/run_0002/trial_20260714T014203285294Z/summary.json
Qwen3 Text,text_qwen3_30b_a3b_instruct_2507,publication_submission,run_0002,qwen_direct_mcp_fill_only_done_50_20260713_r2_step32,trial_20260714T014502340062Z,true,false,timeout,3,10,30.0,11,2054.307,0,,timeout,timeout after 1800s,data/model_baselines/qwen_direct_mcp_fill_only_done_50_20260713_r2_step32/text_qwen3_30b_a3b_instruct_2507/publication_submission/run_0002/trial_20260714T014502340062Z/summary.json
Qwen3 Text,text_qwen3_30b_a3b_instruct_2507,purchase_request,run_0002,qwen_direct_mcp_fill_only_done_50_20260713_r2_step32,trial_20260714T021916997780Z,true,false,done_incomplete_fill_only,3,10,30.0,10,216.366,0,,done_incomplete_fill_only,verified_correctness=3/10,data/model_baselines/qwen_direct_mcp_fill_only_done_50_20260713_r2_step32/text_qwen3_30b_a3b_instruct_2507/purchase_request/run_0002/trial_20260714T021916997780Z/summary.json
Qwen3 Text,text_qwen3_30b_a3b_instruct_2507,remote_setup,run_0002,qwen_direct_mcp_fill_only_done_50_20260713_r2_step32,trial_20260714T022253636609Z,true,false,done_incomplete_fill_only,5,7,71.43,7,127.494,0,,done_incomplete_fill_only,verified_correctness=5/7,data/model_baselines/qwen_direct_mcp_fill_only_done_50_20260713_r2_step32/text_qwen3_30b_a3b_instruct_2507/remote_setup/run_0002/trial_20260714T022253636609Z/summary.json
Qwen3 Text,text_qwen3_30b_a3b_instruct_2507,research_interest,run_0002,qwen_direct_mcp_fill_only_done_50_20260713_r2_step32,trial_20260714T022501454113Z,true,false,done_incomplete_fill_only,6,7,85.71,9,150.916,0,,done_incomplete_fill_only,verified_correctness=6/7,data/model_baselines/qwen_direct_mcp_fill_only_done_50_20260713_r2_step32/text_qwen3_30b_a3b_instruct_2507/research_interest/run_0002/trial_20260714T022501454113Z/summary.json
Qwen3 Text,text_qwen3_30b_a3b_instruct_2507,room_booking,run_0002,qwen_direct_mcp_fill_only_done_50_20260713_r2_step32,trial_20260714T022732761468Z,true,false,done_incomplete_fill_only,6,9,66.67,17,324.696,0,,done_incomplete_fill_only,verified_correctness=6/9,data/model_baselines/qwen_direct_mcp_fill_only_done_50_20260713_r2_step32/text_qwen3_30b_a3b_instruct_2507/room_booking/run_0002/trial_20260714T022732761468Z/summary.json
Qwen3 Text,text_qwen3_30b_a3b_instruct_2507,scholarship_interest,run_0002,qwen_direct_mcp_fill_only_done_50_20260713_r2_step32,trial_20260714T023257769095Z,true,false,timeout,5,7,71.43,11,1975.972,0,,timeout,timeout after 1800s,data/model_baselines/qwen_direct_mcp_fill_only_done_50_20260713_r2_step32/text_qwen3_30b_a3b_instruct_2507/scholarship_interest/run_0002/trial_20260714T023257769095Z/summary.json
Qwen3 Text,text_qwen3_30b_a3b_instruct_2507,seminar_proposal,run_0002,qwen_direct_mcp_fill_only_done_50_20260713_r2_step32,trial_20260714T030554132798Z,true,false,done_incomplete_fill_only,3,8,37.5,11,157.983,0,,done_incomplete_fill_only,verified_correctness=3/8,data/model_baselines/qwen_direct_mcp_fill_only_done_50_20260713_r2_step32/text_qwen3_30b_a3b_instruct_2507/seminar_proposal/run_0002/trial_20260714T030554132798Z/summary.json
Qwen3 Text,text_qwen3_30b_a3b_instruct_2507,software_access,run_0002,qwen_direct_mcp_fill_only_done_50_20260713_r2_step32,trial_20260714T030832324964Z,true,false,done_incomplete_fill_only,5,8,62.5,7,131.837,0,,done_incomplete_fill_only,verified_correctness=5/8,data/model_baselines/qwen_direct_mcp_fill_only_done_50_20260713_r2_step32/text_qwen3_30b_a3b_instruct_2507/software_access/run_0002/trial_20260714T030832324964Z/summary.json
Qwen3 Text,text_qwen3_30b_a3b_instruct_2507,sports_tournament,run_0002,qwen_direct_mcp_fill_only_done_50_20260713_r2_step32,trial_20260714T031044326915Z,true,false,done_incomplete_fill_only,3,9,33.33,5,116.275,0,,done_incomplete_fill_only,verified_correctness=3/9,data/model_baselines/qwen_direct_mcp_fill_only_done_50_20260713_r2_step32/text_qwen3_30b_a3b_instruct_2507/sports_tournament/run_0002/trial_20260714T031044326915Z/summary.json
Qwen3 Text,text_qwen3_30b_a3b_instruct_2507,study_group_match,run_0002,qwen_direct_mcp_fill_only_done_50_20260713_r2_step32,trial_20260714T031240956765Z,true,false,done_incomplete_fill_only,6,7,85.71,9,148.908,0,,done_incomplete_fill_only,verified_correctness=6/7,data/model_baselines/qwen_direct_mcp_fill_only_done_50_20260713_r2_step32/text_qwen3_30b_a3b_instruct_2507/study_group_match/run_0002/trial_20260714T031240956765Z/summary.json
Qwen3 Text,text_qwen3_30b_a3b_instruct_2507,survey_consent,run_0002,qwen_direct_mcp_fill_only_done_50_20260713_r2_step32,trial_20260714T031510179528Z,true,false,done_incomplete_fill_only,6,8,75.0,11,205.739,0,,done_incomplete_fill_only,verified_correctness=6/8,data/model_baselines/qwen_direct_mcp_fill_only_done_50_20260713_r2_step32/text_qwen3_30b_a3b_instruct_2507/survey_consent/run_0002/trial_20260714T031510179528Z/summary.json
Qwen3 Text,text_qwen3_30b_a3b_instruct_2507,technical_support,run_0002,qwen_direct_mcp_fill_only_done_50_20260713_r2_step32,trial_20260714T031836283534Z,true,false,done_incomplete_fill_only,3,8,37.5,6,117.1,0,,done_incomplete_fill_only,verified_correctness=3/8,data/model_baselines/qwen_direct_mcp_fill_only_done_50_20260713_r2_step32/text_qwen3_30b_a3b_instruct_2507/technical_support/run_0002/trial_20260714T031836283534Z/summary.json
Qwen3 Text,text_qwen3_30b_a3b_instruct_2507,thesis_meeting,run_0002,qwen_direct_mcp_fill_only_done_50_20260713_r2_step32,trial_20260714T032033773452Z,true,false,timeout,6,8,75.0,14,2029.458,0,,timeout,timeout after 1800s,data/model_baselines/qwen_direct_mcp_fill_only_done_50_20260713_r2_step32/text_qwen3_30b_a3b_instruct_2507/thesis_meeting/run_0002/trial_20260714T032033773452Z/summary.json
Qwen3 Text,text_qwen3_30b_a3b_instruct_2507,travel_reimbursement,run_0002,qwen_direct_mcp_fill_only_done_50_20260713_r2_step32,trial_20260714T035423397218Z,true,false,done_incomplete_fill_only,2,11,18.18,13,280.181,0,,done_incomplete_fill_only,verified_correctness=2/11,data/model_baselines/qwen_direct_mcp_fill_only_done_50_20260713_r2_step32/text_qwen3_30b_a3b_instruct_2507/travel_reimbursement/run_0002/trial_20260714T035423397218Z/summary.json
Qwen3 Text,text_qwen3_30b_a3b_instruct_2507,usability_test,run_0002,qwen_direct_mcp_fill_only_done_50_20260713_r2_step32,trial_20260714T035903738580Z,true,true,filled_without_submit,7,7,100.0,8,115.754,0,,,,data/model_baselines/qwen_direct_mcp_fill_only_done_50_20260713_r2_step32/text_qwen3_30b_a3b_instruct_2507/usability_test/run_0002/trial_20260714T035903738580Z/summary.json
Qwen3 Text,text_qwen3_30b_a3b_instruct_2507,volunteer_shift,run_0002,qwen_direct_mcp_fill_only_done_50_20260713_r2_step32,trial_20260714T040059928582Z,true,true,filled_without_submit,7,7,100.0,8,124.73,0,,,,data/model_baselines/qwen_direct_mcp_fill_only_done_50_20260713_r2_step32/text_qwen3_30b_a3b_instruct_2507/volunteer_shift/run_0002/trial_20260714T040059928582Z/summary.json
Qwen3 Text,text_qwen3_30b_a3b_instruct_2507,wellbeing_check,run_0002,qwen_direct_mcp_fill_only_done_50_20260713_r2_step32,trial_20260714T040305108792Z,true,false,done_incomplete_fill_only,4,7,57.14,7,136.883,0,,done_incomplete_fill_only,verified_correctness=4/7,data/model_baselines/qwen_direct_mcp_fill_only_done_50_20260713_r2_step32/text_qwen3_30b_a3b_instruct_2507/wellbeing_check/run_0002/trial_20260714T040305108792Z/summary.json
Qwen3 Text,text_qwen3_30b_a3b_instruct_2507,workshop_signup,run_0002,qwen_direct_mcp_fill_only_done_50_20260713_r2_step32,trial_20260714T040522158766Z,true,true,filled_without_submit,7,7,100.0,7,115.922,0,,,,data/model_baselines/qwen_direct_mcp_fill_only_done_50_20260713_r2_step32/text_qwen3_30b_a3b_instruct_2507/workshop_signup/run_0002/trial_20260714T040522158766Z/summary.json
Qwen3-VL,vlm_qwen3_vl_30b_a3b_instruct,accessibility_feedback,run_0002,qwen_direct_mcp_fill_only_done_50_20260713_r2_step32,trial_20260714T042131786430Z,true,false,done_incomplete_fill_only,7,8,87.5,10,248.2,0,,done_incomplete_fill_only,verified_correctness=7/8,data/model_baselines/qwen_direct_mcp_fill_only_done_50_20260713_r2_step32/vlm_qwen3_vl_30b_a3b_instruct/accessibility_feedback/run_0002/trial_20260714T042131786430Z/summary.json
Qwen3-VL,vlm_qwen3_vl_30b_a3b_instruct,alumni_checkin,run_0002,qwen_direct_mcp_fill_only_done_50_20260713_r2_step32,trial_20260714T042540756252Z,true,true,filled_without_submit,7,7,100.0,7,129.162,0,,,,data/model_baselines/qwen_direct_mcp_fill_only_done_50_20260713_r2_step32/vlm_qwen3_vl_30b_a3b_instruct/alumni_checkin/run_0002/trial_20260714T042540756252Z/summary.json
Qwen3-VL,vlm_qwen3_vl_30b_a3b_instruct,bug_report,run_0002,qwen_direct_mcp_fill_only_done_50_20260713_r2_step32,trial_20260714T042750344178Z,true,false,done_incomplete_fill_only,8,9,88.89,10,199.578,0,,done_incomplete_fill_only,verified_correctness=8/9,data/model_baselines/qwen_direct_mcp_fill_only_done_50_20260713_r2_step32/vlm_qwen3_vl_30b_a3b_instruct/bug_report/run_0002/trial_20260714T042750344178Z/summary.json
Qwen3-VL,vlm_qwen3_vl_30b_a3b_instruct,club_application,run_0002,qwen_direct_mcp_fill_only_done_50_20260713_r2_step32,trial_20260714T043110267035Z,true,false,max_steps_exceeded,2,10,20.0,32,763.02,0,,max_steps_exceeded,max_steps=32,data/model_baselines/qwen_direct_mcp_fill_only_done_50_20260713_r2_step32/vlm_qwen3_vl_30b_a3b_instruct/club_application/run_0002/trial_20260714T043110267035Z/summary.json
Qwen3-VL,vlm_qwen3_vl_30b_a3b_instruct,club_event_planning,run_0002,qwen_direct_mcp_fill_only_done_50_20260713_r2_step32,trial_20260714T044353612278Z,true,false,done_incomplete_fill_only,2,10,20.0,16,320.441,0,,done_incomplete_fill_only,verified_correctness=2/10,data/model_baselines/qwen_direct_mcp_fill_only_done_50_20260713_r2_step32/vlm_qwen3_vl_30b_a3b_instruct/club_event_planning/run_0002/trial_20260714T044353612278Z/summary.json
Qwen3-VL,vlm_qwen3_vl_30b_a3b_instruct,conf_interest,run_0002,qwen_direct_mcp_fill_only_done_50_20260713_r2_step32,trial_20260714T044914411088Z,true,false,done_incomplete_fill_only,5,7,71.43,8,143.035,0,,done_incomplete_fill_only,verified_correctness=5/7,data/model_baselines/qwen_direct_mcp_fill_only_done_50_20260713_r2_step32/vlm_qwen3_vl_30b_a3b_instruct/conf_interest/run_0002/trial_20260714T044914411088Z/summary.json
Qwen3-VL,vlm_qwen3_vl_30b_a3b_instruct,conference_travel,run_0002,qwen_direct_mcp_fill_only_done_50_20260713_r2_step32,trial_20260714T045137834546Z,false,false,environment_error,0,10,0.0,13,141.629,0,,environment_error,"openai_compat_http_error:400:{""error"":{""message"":""This model's maximum context length is 32768 tokens. However, you requested 1024 output tokens and your prompt contains at least 31745 input tokens, for a total of at least 32769 tokens. Please reduce the length of the input prompt or the number of requested output tokens. (parameter=input_tokens, value=31745)"",""type"":""BadRequestError"",""param"":""input_tokens"",""code"":400}}",data/model_baselines/qwen_direct_mcp_fill_only_done_50_20260713_r2_step32/vlm_qwen3_vl_30b_a3b_instruct/conference_travel/run_0002/trial_20260714T045137834546Z/summary.json
Qwen3-VL,vlm_qwen3_vl_30b_a3b_instruct,course_enrollment,run_0002,qwen_direct_mcp_fill_only_done_50_20260713_r2_step32,trial_20260714T045359828658Z,true,false,max_steps_exceeded,6,8,75.0,32,697.787,0,,max_steps_exceeded,max_steps=32,data/model_baselines/qwen_direct_mcp_fill_only_done_50_20260713_r2_step32/vlm_qwen3_vl_30b_a3b_instruct/course_enrollment/run_0002/trial_20260714T045359828658Z/summary.json
Qwen3-VL,vlm_qwen3_vl_30b_a3b_instruct,course_feedback,run_0002,qwen_direct_mcp_fill_only_done_50_20260713_r2_step32,trial_20260714T050538046075Z,true,false,done_incomplete_fill_only,6,9,66.67,11,272.437,0,,done_incomplete_fill_only,verified_correctness=6/9,data/model_baselines/qwen_direct_mcp_fill_only_done_50_20260713_r2_step32/vlm_qwen3_vl_30b_a3b_instruct/course_feedback/run_0002/trial_20260714T050538046075Z/summary.json
Qwen3-VL,vlm_qwen3_vl_30b_a3b_instruct,data_annotation,run_0002,qwen_direct_mcp_fill_only_done_50_20260713_r2_step32,trial_20260714T051010826891Z,true,false,done_incomplete_fill_only,4,9,44.44,14,234.696,0,,done_incomplete_fill_only,verified_correctness=4/9,data/model_baselines/qwen_direct_mcp_fill_only_done_50_20260713_r2_step32/vlm_qwen3_vl_30b_a3b_instruct/data_annotation/run_0002/trial_20260714T051010826891Z/summary.json
Qwen3-VL,vlm_qwen3_vl_30b_a3b_instruct,dataset_request,run_0002,qwen_direct_mcp_fill_only_done_50_20260713_r2_step32,trial_20260714T051405871705Z,true,false,done_incomplete_fill_only,4,9,44.44,12,272.472,0,,done_incomplete_fill_only,verified_correctness=4/9,data/model_baselines/qwen_direct_mcp_fill_only_done_50_20260713_r2_step32/vlm_qwen3_vl_30b_a3b_instruct/dataset_request/run_0002/trial_20260714T051405871705Z/summary.json
Qwen3-VL,vlm_qwen3_vl_30b_a3b_instruct,equipment_checkout,run_0002,qwen_direct_mcp_fill_only_done_50_20260713_r2_step32,trial_20260714T051838690507Z,true,false,done_incomplete_fill_only,8,9,88.89,12,225.113,0,,done_incomplete_fill_only,verified_correctness=8/9,data/model_baselines/qwen_direct_mcp_fill_only_done_50_20260713_r2_step32/vlm_qwen3_vl_30b_a3b_instruct/equipment_checkout/run_0002/trial_20260714T051838690507Z/summary.json
Qwen3-VL,vlm_qwen3_vl_30b_a3b_instruct,event_rsvp,run_0002,qwen_direct_mcp_fill_only_done_50_20260713_r2_step32,trial_20260714T052224124393Z,true,true,filled_without_submit,6,6,100.0,7,106.612,0,,,,data/model_baselines/qwen_direct_mcp_fill_only_done_50_20260713_r2_step32/vlm_qwen3_vl_30b_a3b_instruct/event_rsvp/run_0002/trial_20260714T052224124393Z/summary.json
Qwen3-VL,vlm_qwen3_vl_30b_a3b_instruct,exam_registration,run_0002,qwen_direct_mcp_fill_only_done_50_20260713_r2_step32,trial_20260714T052411109580Z,true,false,done_incomplete_fill_only,7,8,87.5,9,175.856,0,,done_incomplete_fill_only,verified_correctness=7/8,data/model_baselines/qwen_direct_mcp_fill_only_done_50_20260713_r2_step32/vlm_qwen3_vl_30b_a3b_instruct/exam_registration/run_0002/trial_20260714T052411109580Z/summary.json
Qwen3-VL,vlm_qwen3_vl_30b_a3b_instruct,experiment_booking,run_0002,qwen_direct_mcp_fill_only_done_50_20260713_r2_step32,trial_20260714T052707351035Z,true,false,done_incomplete_fill_only,4,9,44.44,12,270.166,0,,done_incomplete_fill_only,verified_correctness=4/9,data/model_baselines/qwen_direct_mcp_fill_only_done_50_20260713_r2_step32/vlm_qwen3_vl_30b_a3b_instruct/experiment_booking/run_0002/trial_20260714T052707351035Z/summary.json
Qwen3-VL,vlm_qwen3_vl_30b_a3b_instruct,field_trip,run_0002,qwen_direct_mcp_fill_only_done_50_20260713_r2_step32,trial_20260714T053137887714Z,true,false,timeout,4,8,50.0,7,1922.213,0,,timeout,timeout after 1800s,data/model_baselines/qwen_direct_mcp_fill_only_done_50_20260713_r2_step32/vlm_qwen3_vl_30b_a3b_instruct/field_trip/run_0002/trial_20260714T053137887714Z/summary.json
Qwen3-VL,vlm_qwen3_vl_30b_a3b_instruct,hackathon_signup,run_0002,qwen_direct_mcp_fill_only_done_50_20260713_r2_step32,trial_20260714T060340503770Z,true,false,done_incomplete_fill_only,4,9,44.44,9,206.375,0,,done_incomplete_fill_only,verified_correctness=4/9,data/model_baselines/qwen_direct_mcp_fill_only_done_50_20260713_r2_step32/vlm_qwen3_vl_30b_a3b_instruct/hackathon_signup/run_0002/trial_20260714T060340503770Z/summary.json
Qwen3-VL,vlm_qwen3_vl_30b_a3b_instruct,housing_preference,run_0002,qwen_direct_mcp_fill_only_done_50_20260713_r2_step32,trial_20260714T060707132137Z,true,true,filled_without_submit,7,7,100.0,7,129.667,0,,,,data/model_baselines/qwen_direct_mcp_fill_only_done_50_20260713_r2_step32/vlm_qwen3_vl_30b_a3b_instruct/housing_preference/run_0002/trial_20260714T060707132137Z/summary.json
Qwen3-VL,vlm_qwen3_vl_30b_a3b_instruct,internship_app,run_0002,qwen_direct_mcp_fill_only_done_50_20260713_r2_step32,trial_20260714T060917158260Z,true,false,done_incomplete_fill_only,4,12,33.33,13,290.034,0,,done_incomplete_fill_only,verified_correctness=4/12,data/model_baselines/qwen_direct_mcp_fill_only_done_50_20260713_r2_step32/vlm_qwen3_vl_30b_a3b_instruct/internship_app/run_0002/trial_20260714T060917158260Z/summary.json
Qwen3-VL,vlm_qwen3_vl_30b_a3b_instruct,job_fair,run_0002,qwen_direct_mcp_fill_only_done_50_20260713_r2_step32,trial_20260714T061407489506Z,true,false,done_incomplete_fill_only,4,9,44.44,12,242.538,0,,done_incomplete_fill_only,verified_correctness=4/9,data/model_baselines/qwen_direct_mcp_fill_only_done_50_20260713_r2_step32/vlm_qwen3_vl_30b_a3b_instruct/job_fair/run_0002/trial_20260714T061407489506Z/summary.json
Qwen3-VL,vlm_qwen3_vl_30b_a3b_instruct,lab_safety,run_0002,qwen_direct_mcp_fill_only_done_50_20260713_r2_step32,trial_20260714T061810550610Z,true,false,done_incomplete_fill_only,7,8,87.5,9,189.255,0,,done_incomplete_fill_only,verified_correctness=7/8,data/model_baselines/qwen_direct_mcp_fill_only_done_50_20260713_r2_step32/vlm_qwen3_vl_30b_a3b_instruct/lab_safety/run_0002/trial_20260714T061810550610Z/summary.json
Qwen3-VL,vlm_qwen3_vl_30b_a3b_instruct,lab_visit,run_0002,qwen_direct_mcp_fill_only_done_50_20260713_r2_step32,trial_20260714T062120167789Z,true,false,done_incomplete_fill_only,7,8,87.5,7,133.531,0,,done_incomplete_fill_only,verified_correctness=7/8,data/model_baselines/qwen_direct_mcp_fill_only_done_50_20260713_r2_step32/vlm_qwen3_vl_30b_a3b_instruct/lab_visit/run_0002/trial_20260714T062120167789Z/summary.json
Qwen3-VL,vlm_qwen3_vl_30b_a3b_instruct,language_exchange,run_0002,qwen_direct_mcp_fill_only_done_50_20260713_r2_step32,trial_20260714T062334031818Z,true,false,done_incomplete_fill_only,4,9,44.44,9,111.559,0,,done_incomplete_fill_only,verified_correctness=4/9,data/model_baselines/qwen_direct_mcp_fill_only_done_50_20260713_r2_step32/vlm_qwen3_vl_30b_a3b_instruct/language_exchange/run_0002/trial_20260714T062334031818Z/summary.json
Qwen3-VL,vlm_qwen3_vl_30b_a3b_instruct,library_membership,run_0002,qwen_direct_mcp_fill_only_done_50_20260713_r2_step32,trial_20260714T062525961862Z,true,true,filled_without_submit,7,7,100.0,7,118.59,0,,,,data/model_baselines/qwen_direct_mcp_fill_only_done_50_20260713_r2_step32/vlm_qwen3_vl_30b_a3b_instruct/library_membership/run_0002/trial_20260714T062525961862Z/summary.json
Qwen3-VL,vlm_qwen3_vl_30b_a3b_instruct,meal_plan,run_0002,qwen_direct_mcp_fill_only_done_50_20260713_r2_step32,trial_20260714T062724890161Z,true,true,filled_without_submit,7,7,100.0,12,207.652,0,,,,data/model_baselines/qwen_direct_mcp_fill_only_done_50_20260713_r2_step32/vlm_qwen3_vl_30b_a3b_instruct/meal_plan/run_0002/trial_20260714T062724890161Z/summary.json
Qwen3-VL,vlm_qwen3_vl_30b_a3b_instruct,mentor_match,run_0002,qwen_direct_mcp_fill_only_done_50_20260713_r2_step32,trial_20260714T063052888160Z,true,false,done_incomplete_fill_only,6,7,85.71,14,252.744,0,,done_incomplete_fill_only,verified_correctness=6/7,data/model_baselines/qwen_direct_mcp_fill_only_done_50_20260713_r2_step32/vlm_qwen3_vl_30b_a3b_instruct/mentor_match/run_0002/trial_20260714T063052888160Z/summary.json
Qwen3-VL,vlm_qwen3_vl_30b_a3b_instruct,newsletter_signup,run_0002,qwen_direct_mcp_fill_only_done_50_20260713_r2_step32,trial_20260714T063505948789Z,true,false,done_incomplete_fill_only,6,7,85.71,8,160.0,0,,done_incomplete_fill_only,verified_correctness=6/7,data/model_baselines/qwen_direct_mcp_fill_only_done_50_20260713_r2_step32/vlm_qwen3_vl_30b_a3b_instruct/newsletter_signup/run_0002/trial_20260714T063505948789Z/summary.json
Qwen3-VL,vlm_qwen3_vl_30b_a3b_instruct,office_hours,run_0002,qwen_direct_mcp_fill_only_done_50_20260713_r2_step32,trial_20260714T063746278412Z,true,false,done_incomplete_fill_only,6,8,75.0,9,168.896,0,,done_incomplete_fill_only,verified_correctness=6/8,data/model_baselines/qwen_direct_mcp_fill_only_done_50_20260713_r2_step32/vlm_qwen3_vl_30b_a3b_instruct/office_hours/run_0002/trial_20260714T063746278412Z/summary.json
Qwen3-VL,vlm_qwen3_vl_30b_a3b_instruct,orientation_signup,run_0002,qwen_direct_mcp_fill_only_done_50_20260713_r2_step32,trial_20260714T064035522302Z,true,false,done_incomplete_fill_only,7,8,87.5,14,270.012,0,,done_incomplete_fill_only,verified_correctness=7/8,data/model_baselines/qwen_direct_mcp_fill_only_done_50_20260713_r2_step32/vlm_qwen3_vl_30b_a3b_instruct/orientation_signup/run_0002/trial_20260714T064035522302Z/summary.json
Qwen3-VL,vlm_qwen3_vl_30b_a3b_instruct,paper_review,run_0002,qwen_direct_mcp_fill_only_done_50_20260713_r2_step32,trial_20260714T064505801149Z,true,false,done_incomplete_fill_only,5,7,71.43,9,171.09,0,,done_incomplete_fill_only,verified_correctness=5/7,data/model_baselines/qwen_direct_mcp_fill_only_done_50_20260713_r2_step32/vlm_qwen3_vl_30b_a3b_instruct/paper_review/run_0002/trial_20260714T064505801149Z/summary.json
Qwen3-VL,vlm_qwen3_vl_30b_a3b_instruct,peer_evaluation,run_0002,qwen_direct_mcp_fill_only_done_50_20260713_r2_step32,trial_20260714T064757286227Z,true,false,done_incomplete_fill_only,6,7,85.71,10,194.81,0,,done_incomplete_fill_only,verified_correctness=6/7,data/model_baselines/qwen_direct_mcp_fill_only_done_50_20260713_r2_step32/vlm_qwen3_vl_30b_a3b_instruct/peer_evaluation/run_0002/trial_20260714T064757286227Z/summary.json
Qwen3-VL,vlm_qwen3_vl_30b_a3b_instruct,project_update,run_0002,qwen_direct_mcp_fill_only_done_50_20260713_r2_step32,trial_20260714T065112433070Z,true,true,filled_without_submit,8,8,100.0,9,155.478,0,,,,data/model_baselines/qwen_direct_mcp_fill_only_done_50_20260713_r2_step32/vlm_qwen3_vl_30b_a3b_instruct/project_update/run_0002/trial_20260714T065112433070Z/summary.json
Qwen3-VL,vlm_qwen3_vl_30b_a3b_instruct,publication_submission,run_0002,qwen_direct_mcp_fill_only_done_50_20260713_r2_step32,trial_20260714T065348244162Z,true,false,max_steps_exceeded,4,10,40.0,32,533.183,0,,max_steps_exceeded,max_steps=32,data/model_baselines/qwen_direct_mcp_fill_only_done_50_20260713_r2_step32/vlm_qwen3_vl_30b_a3b_instruct/publication_submission/run_0002/trial_20260714T065348244162Z/summary.json
Qwen3-VL,vlm_qwen3_vl_30b_a3b_instruct,purchase_request,run_0002,qwen_direct_mcp_fill_only_done_50_20260713_r2_step32,trial_20260714T070241807139Z,false,false,environment_error,0,10,0.0,15,210.076,0,,environment_error,"openai_compat_http_error:400:{""error"":{""message"":""This model's maximum context length is 32768 tokens. However, you requested 1024 output tokens and your prompt contains at least 31745 input tokens, for a total of at least 32769 tokens. Please reduce the length of the input prompt or the number of requested output tokens. (parameter=input_tokens, value=31745)"",""type"":""BadRequestError"",""param"":""input_tokens"",""code"":400}}",data/model_baselines/qwen_direct_mcp_fill_only_done_50_20260713_r2_step32/vlm_qwen3_vl_30b_a3b_instruct/purchase_request/run_0002/trial_20260714T070241807139Z/summary.json
Qwen3-VL,vlm_qwen3_vl_30b_a3b_instruct,remote_setup,run_0002,qwen_direct_mcp_fill_only_done_50_20260713_r2_step32,trial_20260714T070612292608Z,true,false,done_incomplete_fill_only,6,7,85.71,8,1348.211,0,,done_incomplete_fill_only,verified_correctness=6/7,data/model_baselines/qwen_direct_mcp_fill_only_done_50_20260713_r2_step32/vlm_qwen3_vl_30b_a3b_instruct/remote_setup/run_0002/trial_20260714T070612292608Z/summary.json
Qwen3-VL,vlm_qwen3_vl_30b_a3b_instruct,research_interest,run_0002,qwen_direct_mcp_fill_only_done_50_20260713_r2_step32,trial_20260714T072840870771Z,true,true,filled_without_submit,7,7,100.0,9,136.624,0,,,,data/model_baselines/qwen_direct_mcp_fill_only_done_50_20260713_r2_step32/vlm_qwen3_vl_30b_a3b_instruct/research_interest/run_0002/trial_20260714T072840870771Z/summary.json
Qwen3-VL,vlm_qwen3_vl_30b_a3b_instruct,room_booking,run_0002,qwen_direct_mcp_fill_only_done_50_20260713_r2_step32,trial_20260714T073057864642Z,true,false,done_incomplete_fill_only,6,9,66.67,10,163.848,0,,done_incomplete_fill_only,verified_correctness=6/9,data/model_baselines/qwen_direct_mcp_fill_only_done_50_20260713_r2_step32/vlm_qwen3_vl_30b_a3b_instruct/room_booking/run_0002/trial_20260714T073057864642Z/summary.json
Qwen3-VL,vlm_qwen3_vl_30b_a3b_instruct,scholarship_interest,run_0002,qwen_direct_mcp_fill_only_done_50_20260713_r2_step32,trial_20260714T073342047727Z,true,false,done_incomplete_fill_only,6,7,85.71,8,163.414,0,,done_incomplete_fill_only,verified_correctness=6/7,data/model_baselines/qwen_direct_mcp_fill_only_done_50_20260713_r2_step32/vlm_qwen3_vl_30b_a3b_instruct/scholarship_interest/run_0002/trial_20260714T073342047727Z/summary.json
Qwen3-VL,vlm_qwen3_vl_30b_a3b_instruct,seminar_proposal,run_0002,qwen_direct_mcp_fill_only_done_50_20260713_r2_step32,trial_20260714T073625788337Z,false,false,environment_error,0,8,0.0,12,128.111,0,,environment_error,"openai_compat_http_error:400:{""error"":{""message"":""This model's maximum context length is 32768 tokens. However, you requested 1024 output tokens and your prompt contains at least 31745 input tokens, for a total of at least 32769 tokens. Please reduce the length of the input prompt or the number of requested output tokens. (parameter=input_tokens, value=31745)"",""type"":""BadRequestError"",""param"":""input_tokens"",""code"":400}}",data/model_baselines/qwen_direct_mcp_fill_only_done_50_20260713_r2_step32/vlm_qwen3_vl_30b_a3b_instruct/seminar_proposal/run_0002/trial_20260714T073625788337Z/summary.json
Qwen3-VL,vlm_qwen3_vl_30b_a3b_instruct,software_access,run_0002,qwen_direct_mcp_fill_only_done_50_20260713_r2_step32,trial_20260714T073834265165Z,true,false,done_incomplete_fill_only,7,8,87.5,9,188.136,0,,done_incomplete_fill_only,verified_correctness=7/8,data/model_baselines/qwen_direct_mcp_fill_only_done_50_20260713_r2_step32/vlm_qwen3_vl_30b_a3b_instruct/software_access/run_0002/trial_20260714T073834265165Z/summary.json
Qwen3-VL,vlm_qwen3_vl_30b_a3b_instruct,sports_tournament,run_0002,qwen_direct_mcp_fill_only_done_50_20260713_r2_step32,trial_20260714T074142804614Z,true,false,max_steps_exceeded,4,9,44.44,32,750.308,0,,max_steps_exceeded,max_steps=32,data/model_baselines/qwen_direct_mcp_fill_only_done_50_20260713_r2_step32/vlm_qwen3_vl_30b_a3b_instruct/sports_tournament/run_0002/trial_20260714T074142804614Z/summary.json
Qwen3-VL,vlm_qwen3_vl_30b_a3b_instruct,study_group_match,run_0002,qwen_direct_mcp_fill_only_done_50_20260713_r2_step32,trial_20260714T075413460030Z,true,true,filled_without_submit,7,7,100.0,13,228.363,0,,,,data/model_baselines/qwen_direct_mcp_fill_only_done_50_20260713_r2_step32/vlm_qwen3_vl_30b_a3b_instruct/study_group_match/run_0002/trial_20260714T075413460030Z/summary.json
